<Anims>
 <anim name="anim_90s" root="magearmor" numframes="750" framerate="40">
  <frame idx="0" w="104" h="111" x="-8.524503" y="-10.574527">
   <element name="frame_circle" layername="frame_circle" frame="0" z_index="8" m_a="1.000000" m_b="0.000000" m_c="0.000000" m_d="1.000000" m_tx="6.000000" m_ty="2.401000"/>
   <element name="drop" layername="drop" frame="0" z_index="7" m_a="1.000020" m_b="0.000000" m_c="0.000000" m_d="1.000020" m_tx="0.000000" m_ty="0.500000"/>
  </frame>
  <frame idx="25" w="104" h="111" x="-8.524503" y="-10.574527">
   <element name="frame_circle" layername="frame_circle" frame="0" z_index="8" m_a="1.000000" m_b="0.000000" m_c="0.000000" m_d="1.000000" m_tx="6.000000" m_ty="2.401000"/>
   <element name="drop" layername="drop" frame="0" z_index="7" m_a="1.000020" m_b="0.000000" m_c="0.000000" m_d="1.000020" m_tx="0.000000" m_ty="0.500000"/>
  </frame>
  <frame idx="50" w="104" h="111" x="-8.524503" y="-10.574527">
   <element name="frame_circle" layername="frame_circle" frame="0" z_index="8" m_a="1.000000" m_b="0.000000" m_c="0.000000" m_d="1.000000" m_tx="6.000000" m_ty="2.401000"/>
   <element name="drop" layername="drop" frame="0" z_index="7" m_a="1.000020" m_b="0.000000" m_c="0.000000" m_d="1.000020" m_tx="0.000000" m_ty="0.500000"/>
  </frame>
  <frame idx="75" w="104" h="111" x="-8.524503" y="-10.574527">
   <element name="frame_circle" layername="frame_circle" frame="0" z_index="8" m_a="1.000000" m_b="0.000000" m_c="0.000000" m_d="1.000000" m_tx="6.000000" m_ty="2.401000"/>
   <element name="drop" layername="drop" frame="0" z_index="7" m_a="1.000020" m_b="0.000000" m_c="0.000000" m_d="1.000020" m_tx="0.000000" m_ty="0.500000"/>
  </frame>
  <frame idx="100" w="104" h="111" x="-8.524503" y="-10.574527">
   <element name="frame_circle" layername="frame_circle" frame="0" z_index="8" m_a="1.000000" m_b="0.000000" m_c="0.000000" m_d="1.000000" m_tx="6.000000" m_ty="2.401000"/>
   <element name="drop" layername="drop" frame="0" z_index="7" m_a="1.000020" m_b="0.000000" m_c="0.000000" m_d="1.000020" m_tx="0.000000" m_ty="0.500000"/>
  </frame>
  <frame idx="125" w="104" h="111" x="-8.524503" y="-10.574527">
   <element name="frame_circle" layername="frame_circle" frame="0" z_index="8" m_a="1.000000" m_b="0.000000" m_c="0.000000" m_d="1.000000" m_tx="6.000000" m_ty="2.401000"/>
   <element name="drop" layername="drop" frame="0" z_index="7" m_a="1.000020" m_b="0.000000" m_c="0.000000" m_d="1.000020" m_tx="0.000000" m_ty="0.500000"/>
  </frame>
  <frame idx="150" w="104" h="111" x="-8.524503" y="-10.574527">
   <element name="frame_circle" layername="frame_circle" frame="0" z_index="8" m_a="1.000000" m_b="0.000000" m_c="0.000000" m_d="1.000000" m_tx="6.000000" m_ty="2.401000"/>
   <element name="drop" layername="drop" frame="0" z_index="7" m_a="1.000020" m_b="0.000000" m_c="0.000000" m_d="1.000020" m_tx="0.000000" m_ty="0.500000"/>
  </frame>
  <frame idx="175" w="104" h="111" x="-8.524503" y="-10.574527">
   <element name="frame_circle" layername="frame_circle" frame="0" z_index="8" m_a="1.000000" m_b="0.000000" m_c="0.000000" m_d="1.000000" m_tx="6.000000" m_ty="2.401000"/>
   <element name="drop" layername="drop" frame="0" z_index="7" m_a="1.000020" m_b="0.000000" m_c="0.000000" m_d="1.000020" m_tx="0.000000" m_ty="0.500000"/>
  </frame>
  <frame idx="200" w="104" h="111" x="-8.524503" y="-10.574527">
   <element name="frame_circle" layername="frame_circle" frame="0" z_index="8" m_a="1.000000" m_b="0.000000" m_c="0.000000" m_d="1.000000" m_tx="6.000000" m_ty="2.401000"/>
   <element name="drop" layername="drop" frame="0" z_index="7" m_a="1.000020" m_b="0.000000" m_c="0.000000" m_d="1.000020" m_tx="0.000000" m_ty="0.500000"/>
  </frame>
  <frame idx="225" w="104" h="111" x="-8.524503" y="-10.574527">
   <element name="frame_circle" layername="frame_circle" frame="0" z_index="8" m_a="1.000000" m_b="0.000000" m_c="0.000000" m_d="1.000000" m_tx="6.000000" m_ty="2.401000"/>
   <element name="drop" layername="drop" frame="0" z_index="7" m_a="1.000020" m_b="0.000000" m_c="0.000000" m_d="1.000020" m_tx="0.000000" m_ty="0.500000"/>
  </frame>
  <frame idx="250" w="104" h="111" x="-8.524503" y="-10.574527">
   <element name="frame_circle" layername="frame_circle" frame="0" z_index="8" m_a="1.000000" m_b="0.000000" m_c="0.000000" m_d="1.000000" m_tx="6.000000" m_ty="2.401000"/>
   <element name="drop" layername="drop" frame="0" z_index="7" m_a="1.000020" m_b="0.000000" m_c="0.000000" m_d="1.000020" m_tx="0.000000" m_ty="0.500000"/>
  </frame>
  <frame idx="275" w="104" h="111" x="-8.524503" y="-10.574527">
   <element name="frame_circle" layername="frame_circle" frame="0" z_index="8" m_a="1.000000" m_b="0.000000" m_c="0.000000" m_d="1.000000" m_tx="6.000000" m_ty="2.401000"/>
   <element name="drop" layername="drop" frame="0" z_index="7" m_a="1.000020" m_b="0.000000" m_c="0.000000" m_d="1.000020" m_tx="0.000000" m_ty="0.500000"/>
  </frame>
  <frame idx="300" w="104" h="111" x="-8.524503" y="-10.574527">
   <element name="frame_circle" layername="frame_circle" frame="0" z_index="8" m_a="1.000000" m_b="0.000000" m_c="0.000000" m_d="1.000000" m_tx="6.000000" m_ty="2.401000"/>
   <element name="drop" layername="drop" frame="0" z_index="7" m_a="1.000020" m_b="0.000000" m_c="0.000000" m_d="1.000020" m_tx="0.000000" m_ty="0.500000"/>
  </frame>
  <frame idx="325" w="104" h="111" x="-8.524503" y="-10.574527">
   <element name="frame_circle" layername="frame_circle" frame="0" z_index="8" m_a="1.000000" m_b="0.000000" m_c="0.000000" m_d="1.000000" m_tx="6.000000" m_ty="2.401000"/>
   <element name="drop" layername="drop" frame="0" z_index="7" m_a="1.000020" m_b="0.000000" m_c="0.000000" m_d="1.000020" m_tx="0.000000" m_ty="0.500000"/>
  </frame>
  <frame idx="350" w="104" h="111" x="-8.524503" y="-10.574527">
   <element name="frame_circle" layername="frame_circle" frame="0" z_index="8" m_a="1.000000" m_b="0.000000" m_c="0.000000" m_d="1.000000" m_tx="6.000000" m_ty="2.401000"/>
   <element name="drop" layername="drop" frame="0" z_index="7" m_a="1.000020" m_b="0.000000" m_c="0.000000" m_d="1.000020" m_tx="0.000000" m_ty="0.500000"/>
  </frame>
  <frame idx="375" w="104" h="111" x="-8.524503" y="-10.574527">
   <element name="frame_circle" layername="frame_circle" frame="0" z_index="8" m_a="1.000000" m_b="0.000000" m_c="0.000000" m_d="1.000000" m_tx="6.000000" m_ty="2.401000"/>
   <element name="drop" layername="drop" frame="0" z_index="7" m_a="1.000020" m_b="0.000000" m_c="0.000000" m_d="1.000020" m_tx="0.000000" m_ty="0.500000"/>
  </frame>
  <frame idx="400" w="104" h="111" x="-8.524503" y="-10.574527">
   <element name="frame_circle" layername="frame_circle" frame="0" z_index="8" m_a="1.000000" m_b="0.000000" m_c="0.000000" m_d="1.000000" m_tx="6.000000" m_ty="2.401000"/>
   <element name="drop" layername="drop" frame="0" z_index="7" m_a="1.000020" m_b="0.000000" m_c="0.000000" m_d="1.000020" m_tx="0.000000" m_ty="0.500000"/>
  </frame>
  <frame idx="425" w="104" h="111" x="-8.524503" y="-10.574527">
   <element name="frame_circle" layername="frame_circle" frame="0" z_index="8" m_a="1.000000" m_b="0.000000" m_c="0.000000" m_d="1.000000" m_tx="6.000000" m_ty="2.401000"/>
   <element name="drop" layername="drop" frame="0" z_index="7" m_a="1.000020" m_b="0.000000" m_c="0.000000" m_d="1.000020" m_tx="0.000000" m_ty="0.500000"/>
  </frame>
  <frame idx="450" w="104" h="111" x="-8.524503" y="-10.574527">
   <element name="frame_circle" layername="frame_circle" frame="0" z_index="8" m_a="1.000000" m_b="0.000000" m_c="0.000000" m_d="1.000000" m_tx="6.000000" m_ty="2.401000"/>
   <element name="drop" layername="drop" frame="0" z_index="7" m_a="1.000020" m_b="0.000000" m_c="0.000000" m_d="1.000020" m_tx="0.000000" m_ty="0.500000"/>
  </frame>
  <frame idx="475" w="104" h="111" x="-8.524503" y="-10.574527">
   <element name="frame_circle" layername="frame_circle" frame="0" z_index="8" m_a="1.000000" m_b="0.000000" m_c="0.000000" m_d="1.000000" m_tx="6.000000" m_ty="2.401000"/>
   <element name="drop" layername="drop" frame="0" z_index="7" m_a="1.000020" m_b="0.000000" m_c="0.000000" m_d="1.000020" m_tx="0.000000" m_ty="0.500000"/>
  </frame>
  <frame idx="500" w="104" h="111" x="-8.524503" y="-10.574527">
   <element name="frame_circle" layername="frame_circle" frame="0" z_index="8" m_a="1.000000" m_b="0.000000" m_c="0.000000" m_d="1.000000" m_tx="6.000000" m_ty="2.401000"/>
   <element name="drop" layername="drop" frame="0" z_index="7" m_a="1.000020" m_b="0.000000" m_c="0.000000" m_d="1.000020" m_tx="0.000000" m_ty="0.500000"/>
  </frame>
  <frame idx="525" w="104" h="111" x="-8.524503" y="-10.574527">
   <element name="frame_circle" layername="frame_circle" frame="0" z_index="8" m_a="1.000000" m_b="0.000000" m_c="0.000000" m_d="1.000000" m_tx="6.000000" m_ty="2.401000"/>
   <element name="drop" layername="drop" frame="0" z_index="7" m_a="1.000020" m_b="0.000000" m_c="0.000000" m_d="1.000020" m_tx="0.000000" m_ty="0.500000"/>
  </frame>
  <frame idx="550" w="104" h="111" x="-8.524503" y="-10.574527">
   <element name="frame_circle" layername="frame_circle" frame="0" z_index="8" m_a="1.000000" m_b="0.000000" m_c="0.000000" m_d="1.000000" m_tx="6.000000" m_ty="2.401000"/>
   <element name="drop" layername="drop" frame="0" z_index="7" m_a="1.000020" m_b="0.000000" m_c="0.000000" m_d="1.000020" m_tx="0.000000" m_ty="0.500000"/>
  </frame>
  <frame idx="575" w="104" h="111" x="-8.524503" y="-10.574527">
   <element name="frame_circle" layername="frame_circle" frame="0" z_index="8" m_a="1.000000" m_b="0.000000" m_c="0.000000" m_d="1.000000" m_tx="6.000000" m_ty="2.401000"/>
   <element name="drop" layername="drop" frame="0" z_index="7" m_a="1.000020" m_b="0.000000" m_c="0.000000" m_d="1.000020" m_tx="0.000000" m_ty="0.500000"/>
  </frame>
  <frame idx="600" w="104" h="111" x="-8.524503" y="-10.574527">
   <element name="frame_circle" layername="frame_circle" frame="0" z_index="8" m_a="1.000000" m_b="0.000000" m_c="0.000000" m_d="1.000000" m_tx="6.000000" m_ty="2.401000"/>
   <element name="drop" layername="drop" frame="0" z_index="7" m_a="1.000020" m_b="0.000000" m_c="0.000000" m_d="1.000020" m_tx="0.000000" m_ty="0.500000"/>
  </frame>
  <frame idx="625" w="104" h="111" x="-8.524503" y="-10.574527">
   <element name="frame_circle" layername="frame_circle" frame="0" z_index="8" m_a="1.000000" m_b="0.000000" m_c="0.000000" m_d="1.000000" m_tx="6.000000" m_ty="2.401000"/>
   <element name="drop" layername="drop" frame="0" z_index="7" m_a="1.000020" m_b="0.000000" m_c="0.000000" m_d="1.000020" m_tx="0.000000" m_ty="0.500000"/>
  </frame>
  <frame idx="650" w="104" h="111" x="-8.524503" y="-10.574527">
   <element name="frame_circle" layername="frame_circle" frame="0" z_index="8" m_a="1.000000" m_b="0.000000" m_c="0.000000" m_d="1.000000" m_tx="6.000000" m_ty="2.401000"/>
   <element name="drop" layername="drop" frame="0" z_index="7" m_a="1.000020" m_b="0.000000" m_c="0.000000" m_d="1.000020" m_tx="0.000000" m_ty="0.500000"/>
  </frame>
  <frame idx="675" w="104" h="111" x="-8.524503" y="-10.574527">
   <element name="frame_circle" layername="frame_circle" frame="0" z_index="8" m_a="1.000000" m_b="0.000000" m_c="0.000000" m_d="1.000000" m_tx="6.000000" m_ty="2.401000"/>
   <element name="drop" layername="drop" frame="0" z_index="7" m_a="1.000020" m_b="0.000000" m_c="0.000000" m_d="1.000020" m_tx="0.000000" m_ty="0.500000"/>
  </frame>
  <frame idx="700" w="104" h="111" x="-8.524503" y="-10.574527">
   <element name="frame_circle" layername="frame_circle" frame="0" z_index="8" m_a="1.000000" m_b="0.000000" m_c="0.000000" m_d="1.000000" m_tx="6.000000" m_ty="2.401000"/>
   <element name="drop" layername="drop" frame="0" z_index="7" m_a="1.000020" m_b="0.000000" m_c="0.000000" m_d="1.000020" m_tx="0.000000" m_ty="0.500000"/>
  </frame>
  <frame idx="725" w="104" h="111" x="-8.524503" y="-10.574527">
   <element name="frame_circle" layername="frame_circle" frame="0" z_index="8" m_a="1.000000" m_b="0.000000" m_c="0.000000" m_d="1.000000" m_tx="6.000000" m_ty="2.401000"/>
   <element name="drop" layername="drop" frame="0" z_index="7" m_a="1.000020" m_b="0.000000" m_c="0.000000" m_d="1.000020" m_tx="0.000000" m_ty="0.500000"/>
  </frame>
 </anim>
 <anim name="close_90s" root="magearmor" numframes="150" framerate="40">
  <frame idx="0" w="104" h="111" x="-8.524503" y="-10.574527">
   <element name="frame_circle" layername="frame_circle" frame="0" z_index="8" m_a="1.000000" m_b="0.000000" m_c="0.000000" m_d="1.000000" m_tx="6.000000" m_ty="2.401000"/>
   <element name="drop" layername="drop" frame="0" z_index="7" m_a="1.000020" m_b="0.000000" m_c="0.000000" m_d="1.000020" m_tx="0.000000" m_ty="0.500000"/>
  </frame>
  <frame idx="25" w="104" h="103" x="-8.526249" y="-9.995012">
   <element name="frame_circle" layername="frame_circle" frame="0" z_index="8" m_a="0.996331" m_b="0.000000" m_c="0.000000" m_d="0.926152" m_tx="6.000000" m_ty="2.401000"/>
   <element name="drop" layername="drop" frame="0" z_index="7" m_a="0.996348" m_b="0.000000" m_c="0.000000" m_d="0.926169" m_tx="0.000000" m_ty="0.463235"/>
  </frame>
  <frame idx="50" w="103" h="86" x="-8.530325" y="-8.333347">
   <element name="frame_circle" layername="frame_circle" frame="0" z_index="8" m_a="0.987760" m_b="0.000000" m_c="0.000000" m_d="0.753489" m_tx="6.000000" m_ty="2.401000"/>
   <element name="drop" layername="drop" frame="0" z_index="7" m_a="0.987776" m_b="0.000000" m_c="0.000000" m_d="0.753497" m_tx="0.000000" m_ty="0.353030"/>
  </frame>
  <frame idx="75" w="101" h="57" x="-8.048738" y="-5.584935">
   <element name="frame_circle" layername="frame_circle" frame="0" z_index="8" m_a="0.974016" m_b="0.000000" m_c="0.000000" m_d="0.476552" m_tx="6.000000" m_ty="2.401000"/>
   <element name="drop" layername="drop" frame="0" z_index="7" m_a="0.974031" m_b="0.000000" m_c="0.000000" m_d="0.476552" m_tx="-0.011879" m_ty="0.165394"/>
  </frame>
  <frame idx="100" w="100" h="18" x="-8.094836" y="-1.750381">
   <element name="frame_circle" layername="frame_circle" frame="0" z_index="8" m_a="0.955139" m_b="0.000000" m_c="0.000000" m_d="0.096146" m_tx="6.000000" m_ty="2.401000"/>
   <element name="drop" layername="drop" frame="0" z_index="7" m_a="0.955154" m_b="0.000000" m_c="0.000000" m_d="0.096146" m_tx="-0.049000" m_ty="-0.099000"/>
  </frame>
  <frame idx="125" w="101" h="52" x="-8.068592" y="-5.057899">
   <element name="frame_circle" layername="frame_circle" frame="0" z_index="8" m_a="0.971878" m_b="0.000000" m_c="0.000000" m_d="0.433405" m_tx="6.000000" m_ty="2.401000"/>
   <element name="drop" layername="drop" frame="0" z_index="7" m_a="0.971895" m_b="0.000000" m_c="0.000000" m_d="0.433412" m_tx="-0.030716" m_ty="0.124507"/>
  </frame>
 </anim>
 <anim name="open_90s" root="magearmor" numframes="200" framerate="40">
  <frame idx="0" w="100" h="18" x="-8.094836" y="-1.750381">
   <element name="frame_circle" layername="frame_circle" frame="0" z_index="8" m_a="0.955139" m_b="0.000000" m_c="0.000000" m_d="0.096146" m_tx="6.000000" m_ty="2.401000"/>
   <element name="drop" layername="drop" frame="0" z_index="7" m_a="0.955154" m_b="0.000000" m_c="0.000000" m_d="0.096146" m_tx="-0.049000" m_ty="-0.099000"/>
  </frame>
  <frame idx="25" w="101" h="36" x="-8.087090" y="-3.487889">
   <element name="frame_circle" layername="frame_circle" frame="0" z_index="8" m_a="0.971430" m_b="0.000000" m_c="0.000000" m_d="0.270343" m_tx="6.000000" m_ty="2.401000"/>
   <element name="drop" layername="drop" frame="0" z_index="7" m_a="0.971445" m_b="0.000000" m_c="0.000000" m_d="0.270343" m_tx="-0.049000" m_ty="-0.062235"/>
  </frame>
  <frame idx="50" w="105" h="77" x="-8.568974" y="-7.567962">
   <element name="frame_circle" layername="frame_circle" frame="0" z_index="8" m_a="1.009530" m_b="0.000000" m_c="0.000000" m_d="0.677648" m_tx="6.000000" m_ty="2.401000"/>
   <element name="drop" layername="drop" frame="0" z_index="7" m_a="1.009543" m_b="0.000000" m_c="0.000000" m_d="0.677653" m_tx="-0.049000" m_ty="-0.001000"/>
  </frame>
  <frame idx="75" w="107" h="115" x="-8.543617" y="-11.523546">
   <element name="frame_circle" layername="frame_circle" frame="0" z_index="8" m_a="1.037882" m_b="0.000000" m_c="0.000000" m_d="1.037882" m_tx="6.000000" m_ty="2.401000"/>
   <element name="drop" layername="drop" frame="0" z_index="7" m_a="1.037889" m_b="0.000000" m_c="0.000000" m_d="1.037889" m_tx="-0.037121" m_ty="0.110606"/>
  </frame>
  <frame idx="100" w="106" h="112" x="-8.515265" y="-10.805120">
   <element name="frame_circle" layername="frame_circle" frame="0" z_index="8" m_a="1.019450" m_b="0.000000" m_c="0.000000" m_d="1.019450" m_tx="6.000000" m_ty="2.401000"/>
   <element name="drop" layername="drop" frame="0" z_index="7" m_a="1.019450" m_b="0.000000" m_c="0.000000" m_d="1.019450" m_tx="0.000000" m_ty="0.300000"/>
  </frame>
  <frame idx="125" w="105" h="111" x="-8.520358" y="-10.677958">
   <element name="frame_circle" layername="frame_circle" frame="0" z_index="8" m_a="1.008729" m_b="0.000000" m_c="0.000000" m_d="1.008729" m_tx="6.000000" m_ty="2.401000"/>
   <element name="drop" layername="drop" frame="0" z_index="7" m_a="1.008737" m_b="0.000000" m_c="0.000000" m_d="1.008737" m_tx="0.000000" m_ty="0.410294"/>
  </frame>
  <frame idx="150" w="104" h="111" x="-8.523313" y="-10.604226">
   <element name="frame_circle" layername="frame_circle" frame="0" z_index="8" m_a="1.002509" m_b="0.000000" m_c="0.000000" m_d="1.002509" m_tx="6.000000" m_ty="2.401000"/>
   <element name="drop" layername="drop" frame="0" z_index="7" m_a="1.002524" m_b="0.000000" m_c="0.000000" m_d="1.002524" m_tx="0.000000" m_ty="0.474242"/>
  </frame>
  <frame idx="175" w="104" h="111" x="-8.524503" y="-10.574527">
   <element name="frame_circle" layername="frame_circle" frame="0" z_index="8" m_a="1.000000" m_b="0.000000" m_c="0.000000" m_d="1.000000" m_tx="6.000000" m_ty="2.401000"/>
   <element name="drop" layername="drop" frame="0" z_index="7" m_a="1.000020" m_b="0.000000" m_c="0.000000" m_d="1.000020" m_tx="0.000000" m_ty="0.500000"/>
  </frame>
 </anim>
 <anim name="flash_90s" root="magearmor" numframes="1000" framerate="40">
  <frame idx="0" w="104" h="111" x="-8.524503" y="-10.574527">
   <element name="frame_circle" layername="frame_circle" frame="0" z_index="8" m_a="1.000000" m_b="0.000000" m_c="0.000000" m_d="1.000000" m_tx="6.000000" m_ty="2.401000"/>
   <element name="drop" layername="drop" frame="0" z_index="7" m_a="1.000020" m_b="0.000000" m_c="0.000000" m_d="1.000020" m_tx="0.000000" m_ty="0.500000"/>
  </frame>
  <frame idx="25" w="104" h="111" x="-8.524503" y="-10.574527">
   <element name="frame_circle" layername="frame_circle" frame="0" z_index="8" m_a="1.000000" m_b="0.000000" m_c="0.000000" m_d="1.000000" m_tx="6.000000" m_ty="2.401000"/>
   <element name="drop" layername="drop" frame="0" z_index="7" m_a="1.000020" m_b="0.000000" m_c="0.000000" m_d="1.000020" m_tx="0.000000" m_ty="0.500000"/>
  </frame>
  <frame idx="50" w="104" h="111" x="-8.524503" y="-10.574527">
   <element name="frame_circle" layername="frame_circle" frame="0" z_index="8" m_a="1.000000" m_b="0.000000" m_c="0.000000" m_d="1.000000" m_tx="6.000000" m_ty="2.401000"/>
   <element name="drop" layername="drop" frame="0" z_index="7" m_a="1.000020" m_b="0.000000" m_c="0.000000" m_d="1.000020" m_tx="0.000000" m_ty="0.500000"/>
  </frame>
  <frame idx="75" w="104" h="111" x="-8.524503" y="-10.574527">
   <element name="frame_circle" layername="frame_circle" frame="0" z_index="8" m_a="1.000000" m_b="0.000000" m_c="0.000000" m_d="1.000000" m_tx="6.000000" m_ty="2.401000"/>
   <element name="drop" layername="drop" frame="0" z_index="7" m_a="1.000020" m_b="0.000000" m_c="0.000000" m_d="1.000020" m_tx="0.000000" m_ty="0.500000"/>
  </frame>
  <frame idx="100" w="104" h="111" x="-8.524503" y="-10.574527">
   <element name="frame_circle" layername="frame_circle" frame="0" z_index="8" m_a="1.000000" m_b="0.000000" m_c="0.000000" m_d="1.000000" m_tx="6.000000" m_ty="2.401000"/>
   <element name="drop" layername="drop" frame="0" z_index="7" m_a="1.000020" m_b="0.000000" m_c="0.000000" m_d="1.000020" m_tx="0.000000" m_ty="0.500000"/>
  </frame>
  <frame idx="125" w="96" h="105" x="-1.999519" y="-5.523465">
   <element name="frame_circle" layername="frame_circle" frame="0" z_index="8" m_a="1.000000" m_b="0.000000" m_c="0.000000" m_d="1.000000" m_tx="6.000000" m_ty="2.401000"/>
  </frame>
  <frame idx="150" w="96" h="105" x="-1.999519" y="-5.523465">
   <element name="frame_circle" layername="frame_circle" frame="0" z_index="8" m_a="1.000000" m_b="0.000000" m_c="0.000000" m_d="1.000000" m_tx="6.000000" m_ty="2.401000"/>
  </frame>
  <frame idx="175" w="96" h="105" x="-1.999519" y="-5.523465">
   <element name="frame_circle" layername="frame_circle" frame="0" z_index="8" m_a="1.000000" m_b="0.000000" m_c="0.000000" m_d="1.000000" m_tx="6.000000" m_ty="2.401000"/>
  </frame>
  <frame idx="200" w="96" h="105" x="-1.999519" y="-5.523465">
   <element name="frame_circle" layername="frame_circle" frame="0" z_index="8" m_a="1.000000" m_b="0.000000" m_c="0.000000" m_d="1.000000" m_tx="6.000000" m_ty="2.401000"/>
  </frame>
  <frame idx="225" w="96" h="105" x="-1.999519" y="-5.523465">
   <element name="frame_circle" layername="frame_circle" frame="0" z_index="8" m_a="1.000000" m_b="0.000000" m_c="0.000000" m_d="1.000000" m_tx="6.000000" m_ty="2.401000"/>
  </frame>
  <frame idx="250" w="96" h="105" x="-1.999519" y="-5.523465">
   <element name="frame_circle" layername="frame_circle" frame="0" z_index="8" m_a="1.000000" m_b="0.000000" m_c="0.000000" m_d="1.000000" m_tx="6.000000" m_ty="2.401000"/>
  </frame>
  <frame idx="275" w="96" h="105" x="-1.999519" y="-5.523465">
   <element name="frame_circle" layername="frame_circle" frame="0" z_index="8" m_a="1.000000" m_b="0.000000" m_c="0.000000" m_d="1.000000" m_tx="6.000000" m_ty="2.401000"/>
  </frame>
  <frame idx="300" w="104" h="111" x="-8.524503" y="-10.574527">
   <element name="frame_circle" layername="frame_circle" frame="0" z_index="8" m_a="1.000000" m_b="0.000000" m_c="0.000000" m_d="1.000000" m_tx="6.000000" m_ty="2.401000"/>
   <element name="drop" layername="drop" frame="0" z_index="7" m_a="1.000020" m_b="0.000000" m_c="0.000000" m_d="1.000020" m_tx="0.000000" m_ty="0.500000"/>
  </frame>
  <frame idx="325" w="104" h="111" x="-8.524503" y="-10.574527">
   <element name="frame_circle" layername="frame_circle" frame="0" z_index="8" m_a="1.000000" m_b="0.000000" m_c="0.000000" m_d="1.000000" m_tx="6.000000" m_ty="2.401000"/>
   <element name="drop" layername="drop" frame="0" z_index="7" m_a="1.000020" m_b="0.000000" m_c="0.000000" m_d="1.000020" m_tx="0.000000" m_ty="0.500000"/>
  </frame>
  <frame idx="350" w="104" h="111" x="-8.524503" y="-10.574527">
   <element name="frame_circle" layername="frame_circle" frame="0" z_index="8" m_a="1.000000" m_b="0.000000" m_c="0.000000" m_d="1.000000" m_tx="6.000000" m_ty="2.401000"/>
   <element name="drop" layername="drop" frame="0" z_index="7" m_a="1.000020" m_b="0.000000" m_c="0.000000" m_d="1.000020" m_tx="0.000000" m_ty="0.500000"/>
  </frame>
  <frame idx="375" w="104" h="111" x="-8.524503" y="-10.574527">
   <element name="frame_circle" layername="frame_circle" frame="0" z_index="8" m_a="1.000000" m_b="0.000000" m_c="0.000000" m_d="1.000000" m_tx="6.000000" m_ty="2.401000"/>
   <element name="drop" layername="drop" frame="0" z_index="7" m_a="1.000020" m_b="0.000000" m_c="0.000000" m_d="1.000020" m_tx="0.000000" m_ty="0.500000"/>
  </frame>
  <frame idx="400" w="104" h="111" x="-8.524503" y="-10.574527">
   <element name="frame_circle" layername="frame_circle" frame="0" z_index="8" m_a="1.000000" m_b="0.000000" m_c="0.000000" m_d="1.000000" m_tx="6.000000" m_ty="2.401000"/>
   <element name="drop" layername="drop" frame="0" z_index="7" m_a="1.000020" m_b="0.000000" m_c="0.000000" m_d="1.000020" m_tx="0.000000" m_ty="0.500000"/>
  </frame>
  <frame idx="425" w="104" h="111" x="-8.524503" y="-10.574527">
   <element name="frame_circle" layername="frame_circle" frame="0" z_index="8" m_a="1.000000" m_b="0.000000" m_c="0.000000" m_d="1.000000" m_tx="6.000000" m_ty="2.401000"/>
   <element name="drop" layername="drop" frame="0" z_index="7" m_a="1.000020" m_b="0.000000" m_c="0.000000" m_d="1.000020" m_tx="0.000000" m_ty="0.500000"/>
  </frame>
  <frame idx="450" w="104" h="111" x="-8.524503" y="-10.574527">
   <element name="frame_circle" layername="frame_circle" frame="0" z_index="8" m_a="1.000000" m_b="0.000000" m_c="0.000000" m_d="1.000000" m_tx="6.000000" m_ty="2.401000"/>
   <element name="drop" layername="drop" frame="0" z_index="7" m_a="1.000020" m_b="0.000000" m_c="0.000000" m_d="1.000020" m_tx="0.000000" m_ty="0.500000"/>
  </frame>
  <frame idx="475" w="104" h="111" x="-8.524503" y="-10.574527">
   <element name="frame_circle" layername="frame_circle" frame="0" z_index="8" m_a="1.000000" m_b="0.000000" m_c="0.000000" m_d="1.000000" m_tx="6.000000" m_ty="2.401000"/>
   <element name="drop" layername="drop" frame="0" z_index="7" m_a="1.000020" m_b="0.000000" m_c="0.000000" m_d="1.000020" m_tx="0.000000" m_ty="0.500000"/>
  </frame>
  <frame idx="500" w="104" h="111" x="-8.524503" y="-10.574527">
   <element name="frame_circle" layername="frame_circle" frame="0" z_index="8" m_a="1.000000" m_b="0.000000" m_c="0.000000" m_d="1.000000" m_tx="6.000000" m_ty="2.401000"/>
   <element name="drop" layername="drop" frame="0" z_index="7" m_a="1.000020" m_b="0.000000" m_c="0.000000" m_d="1.000020" m_tx="0.000000" m_ty="0.500000"/>
  </frame>
  <frame idx="525" w="104" h="111" x="-8.524503" y="-10.574527">
   <element name="frame_circle" layername="frame_circle" frame="0" z_index="8" m_a="1.000000" m_b="0.000000" m_c="0.000000" m_d="1.000000" m_tx="6.000000" m_ty="2.401000"/>
   <element name="drop" layername="drop" frame="0" z_index="7" m_a="1.000020" m_b="0.000000" m_c="0.000000" m_d="1.000020" m_tx="0.000000" m_ty="0.500000"/>
  </frame>
  <frame idx="550" w="104" h="111" x="-8.524503" y="-10.574527">
   <element name="frame_circle" layername="frame_circle" frame="0" z_index="8" m_a="1.000000" m_b="0.000000" m_c="0.000000" m_d="1.000000" m_tx="6.000000" m_ty="2.401000"/>
   <element name="drop" layername="drop" frame="0" z_index="7" m_a="1.000020" m_b="0.000000" m_c="0.000000" m_d="1.000020" m_tx="0.000000" m_ty="0.500000"/>
  </frame>
  <frame idx="575" w="104" h="111" x="-8.524503" y="-10.574527">
   <element name="frame_circle" layername="frame_circle" frame="0" z_index="8" m_a="1.000000" m_b="0.000000" m_c="0.000000" m_d="1.000000" m_tx="6.000000" m_ty="2.401000"/>
   <element name="drop" layername="drop" frame="0" z_index="7" m_a="1.000020" m_b="0.000000" m_c="0.000000" m_d="1.000020" m_tx="0.000000" m_ty="0.500000"/>
  </frame>
  <frame idx="600" w="104" h="111" x="-8.524503" y="-10.574527">
   <element name="frame_circle" layername="frame_circle" frame="0" z_index="8" m_a="1.000000" m_b="0.000000" m_c="0.000000" m_d="1.000000" m_tx="6.000000" m_ty="2.401000"/>
   <element name="drop" layername="drop" frame="0" z_index="7" m_a="1.000020" m_b="0.000000" m_c="0.000000" m_d="1.000020" m_tx="0.000000" m_ty="0.500000"/>
  </frame>
  <frame idx="625" w="104" h="111" x="-8.524503" y="-10.574527">
   <element name="frame_circle" layername="frame_circle" frame="0" z_index="8" m_a="1.000000" m_b="0.000000" m_c="0.000000" m_d="1.000000" m_tx="6.000000" m_ty="2.401000"/>
   <element name="drop" layername="drop" frame="0" z_index="7" m_a="1.000020" m_b="0.000000" m_c="0.000000" m_d="1.000020" m_tx="0.000000" m_ty="0.500000"/>
  </frame>
  <frame idx="650" w="104" h="111" x="-8.524503" y="-10.574527">
   <element name="frame_circle" layername="frame_circle" frame="0" z_index="8" m_a="1.000000" m_b="0.000000" m_c="0.000000" m_d="1.000000" m_tx="6.000000" m_ty="2.401000"/>
   <element name="drop" layername="drop" frame="0" z_index="7" m_a="1.000020" m_b="0.000000" m_c="0.000000" m_d="1.000020" m_tx="0.000000" m_ty="0.500000"/>
  </frame>
  <frame idx="675" w="104" h="111" x="-8.524503" y="-10.574527">
   <element name="frame_circle" layername="frame_circle" frame="0" z_index="8" m_a="1.000000" m_b="0.000000" m_c="0.000000" m_d="1.000000" m_tx="6.000000" m_ty="2.401000"/>
   <element name="drop" layername="drop" frame="0" z_index="7" m_a="1.000020" m_b="0.000000" m_c="0.000000" m_d="1.000020" m_tx="0.000000" m_ty="0.500000"/>
  </frame>
  <frame idx="700" w="96" h="105" x="-1.999519" y="-5.523465">
   <element name="frame_circle" layername="frame_circle" frame="0" z_index="8" m_a="1.000000" m_b="0.000000" m_c="0.000000" m_d="1.000000" m_tx="6.000000" m_ty="2.401000"/>
  </frame>
  <frame idx="725" w="96" h="105" x="-1.999519" y="-5.523465">
   <element name="frame_circle" layername="frame_circle" frame="0" z_index="8" m_a="1.000000" m_b="0.000000" m_c="0.000000" m_d="1.000000" m_tx="6.000000" m_ty="2.401000"/>
  </frame>
  <frame idx="750" w="96" h="105" x="-1.999519" y="-5.523465">
   <element name="frame_circle" layername="frame_circle" frame="0" z_index="8" m_a="1.000000" m_b="0.000000" m_c="0.000000" m_d="1.000000" m_tx="6.000000" m_ty="2.401000"/>
  </frame>
  <frame idx="775" w="96" h="105" x="-1.999519" y="-5.523465">
   <element name="frame_circle" layername="frame_circle" frame="0" z_index="8" m_a="1.000000" m_b="0.000000" m_c="0.000000" m_d="1.000000" m_tx="6.000000" m_ty="2.401000"/>
  </frame>
  <frame idx="800" w="96" h="105" x="-1.999519" y="-5.523465">
   <element name="frame_circle" layername="frame_circle" frame="0" z_index="8" m_a="1.000000" m_b="0.000000" m_c="0.000000" m_d="1.000000" m_tx="6.000000" m_ty="2.401000"/>
  </frame>
  <frame idx="825" w="96" h="105" x="-1.999519" y="-5.523465">
   <element name="frame_circle" layername="frame_circle" frame="0" z_index="8" m_a="1.000000" m_b="0.000000" m_c="0.000000" m_d="1.000000" m_tx="6.000000" m_ty="2.401000"/>
  </frame>
  <frame idx="850" w="96" h="105" x="-1.999519" y="-5.523465">
   <element name="frame_circle" layername="frame_circle" frame="0" z_index="8" m_a="1.000000" m_b="0.000000" m_c="0.000000" m_d="1.000000" m_tx="6.000000" m_ty="2.401000"/>
  </frame>
  <frame idx="875" w="96" h="105" x="-1.999519" y="-5.523465">
   <element name="frame_circle" layername="frame_circle" frame="0" z_index="8" m_a="1.000000" m_b="0.000000" m_c="0.000000" m_d="1.000000" m_tx="6.000000" m_ty="2.401000"/>
  </frame>
  <frame idx="900" w="104" h="111" x="-8.524503" y="-10.574527">
   <element name="frame_circle" layername="frame_circle" frame="0" z_index="8" m_a="1.000000" m_b="0.000000" m_c="0.000000" m_d="1.000000" m_tx="6.000000" m_ty="2.401000"/>
   <element name="drop" layername="drop" frame="0" z_index="7" m_a="1.000020" m_b="0.000000" m_c="0.000000" m_d="1.000020" m_tx="0.000000" m_ty="0.500000"/>
  </frame>
  <frame idx="925" w="104" h="111" x="-8.524503" y="-10.574527">
   <element name="frame_circle" layername="frame_circle" frame="0" z_index="8" m_a="1.000000" m_b="0.000000" m_c="0.000000" m_d="1.000000" m_tx="6.000000" m_ty="2.401000"/>
   <element name="drop" layername="drop" frame="0" z_index="7" m_a="1.000020" m_b="0.000000" m_c="0.000000" m_d="1.000020" m_tx="0.000000" m_ty="0.500000"/>
  </frame>
  <frame idx="950" w="104" h="111" x="-8.524503" y="-10.574527">
   <element name="frame_circle" layername="frame_circle" frame="0" z_index="8" m_a="1.000000" m_b="0.000000" m_c="0.000000" m_d="1.000000" m_tx="6.000000" m_ty="2.401000"/>
   <element name="drop" layername="drop" frame="0" z_index="7" m_a="1.000020" m_b="0.000000" m_c="0.000000" m_d="1.000020" m_tx="0.000000" m_ty="0.500000"/>
  </frame>
  <frame idx="975" w="104" h="111" x="-8.524503" y="-10.574527">
   <element name="frame_circle" layername="frame_circle" frame="0" z_index="8" m_a="1.000000" m_b="0.000000" m_c="0.000000" m_d="1.000000" m_tx="6.000000" m_ty="2.401000"/>
   <element name="drop" layername="drop" frame="0" z_index="7" m_a="1.000020" m_b="0.000000" m_c="0.000000" m_d="1.000020" m_tx="0.000000" m_ty="0.500000"/>
  </frame>
 </anim>
</Anims>
