<Anims>
 <anim name="anim_90s" root="magearmor" numframes="750" framerate="40">
  <frame idx="0" w="82" h="90" x="6.000481" y="3.476536">
   <element name="frame_circle" layername="frame_circle" frame="0" z_index="8" m_a="1.000000" m_b="0.000000" m_c="0.000000" m_d="1.000000" m_tx="6.000000" m_ty="2.401000"/>
   <element name="drop" layername="drop" frame="0" z_index="7" m_a="1.000020" m_b="0.000000" m_c="0.000000" m_d="1.000020" m_tx="0.000000" m_ty="0.500000"/>
  </frame>
  <frame idx="25" w="82" h="90" x="6.000481" y="3.476536">
   <element name="frame_circle" layername="frame_circle" frame="0" z_index="8" m_a="1.000000" m_b="0.000000" m_c="0.000000" m_d="1.000000" m_tx="6.000000" m_ty="2.401000"/>
   <element name="drop" layername="drop" frame="0" z_index="7" m_a="1.000020" m_b="0.000000" m_c="0.000000" m_d="1.000020" m_tx="0.000000" m_ty="0.500000"/>
  </frame>
  <frame idx="50" w="82" h="90" x="6.000481" y="3.476536">
   <element name="frame_circle" layername="frame_circle" frame="0" z_index="8" m_a="1.000000" m_b="0.000000" m_c="0.000000" m_d="1.000000" m_tx="6.000000" m_ty="2.401000"/>
   <element name="drop" layername="drop" frame="0" z_index="7" m_a="1.000020" m_b="0.000000" m_c="0.000000" m_d="1.000020" m_tx="0.000000" m_ty="0.500000"/>
  </frame>
  <frame idx="75" w="82" h="90" x="6.000481" y="3.476536">
   <element name="frame_circle" layername="frame_circle" frame="0" z_index="8" m_a="1.000000" m_b="0.000000" m_c="0.000000" m_d="1.000000" m_tx="6.000000" m_ty="2.401000"/>
   <element name="drop" layername="drop" frame="0" z_index="7" m_a="1.000020" m_b="0.000000" m_c="0.000000" m_d="1.000020" m_tx="0.000000" m_ty="0.500000"/>
  </frame>
  <frame idx="100" w="82" h="90" x="6.000481" y="3.476536">
   <element name="frame_circle" layername="frame_circle" frame="0" z_index="8" m_a="1.000000" m_b="0.000000" m_c="0.000000" m_d="1.000000" m_tx="6.000000" m_ty="2.401000"/>
   <element name="drop" layername="drop" frame="0" z_index="7" m_a="1.000020" m_b="0.000000" m_c="0.000000" m_d="1.000020" m_tx="0.000000" m_ty="0.500000"/>
  </frame>
  <frame idx="125" w="82" h="90" x="6.000481" y="3.476536">
   <element name="frame_circle" layername="frame_circle" frame="0" z_index="8" m_a="1.000000" m_b="0.000000" m_c="0.000000" m_d="1.000000" m_tx="6.000000" m_ty="2.401000"/>
   <element name="drop" layername="drop" frame="0" z_index="7" m_a="1.000020" m_b="0.000000" m_c="0.000000" m_d="1.000020" m_tx="0.000000" m_ty="0.500000"/>
  </frame>
  <frame idx="150" w="82" h="90" x="6.000481" y="3.476536">
   <element name="frame_circle" layername="frame_circle" frame="0" z_index="8" m_a="1.000000" m_b="0.000000" m_c="0.000000" m_d="1.000000" m_tx="6.000000" m_ty="2.401000"/>
   <element name="drop" layername="drop" frame="0" z_index="7" m_a="1.000020" m_b="0.000000" m_c="0.000000" m_d="1.000020" m_tx="0.000000" m_ty="0.500000"/>
  </frame>
  <frame idx="175" w="82" h="90" x="6.000481" y="3.476536">
   <element name="frame_circle" layername="frame_circle" frame="0" z_index="8" m_a="1.000000" m_b="0.000000" m_c="0.000000" m_d="1.000000" m_tx="6.000000" m_ty="2.401000"/>
   <element name="drop" layername="drop" frame="0" z_index="7" m_a="1.000020" m_b="0.000000" m_c="0.000000" m_d="1.000020" m_tx="0.000000" m_ty="0.500000"/>
  </frame>
  <frame idx="200" w="82" h="90" x="6.000481" y="3.476536">
   <element name="frame_circle" layername="frame_circle" frame="0" z_index="8" m_a="1.000000" m_b="0.000000" m_c="0.000000" m_d="1.000000" m_tx="6.000000" m_ty="2.401000"/>
   <element name="drop" layername="drop" frame="0" z_index="7" m_a="1.000020" m_b="0.000000" m_c="0.000000" m_d="1.000020" m_tx="0.000000" m_ty="0.500000"/>
  </frame>
  <frame idx="225" w="82" h="90" x="6.000481" y="3.476536">
   <element name="frame_circle" layername="frame_circle" frame="0" z_index="8" m_a="1.000000" m_b="0.000000" m_c="0.000000" m_d="1.000000" m_tx="6.000000" m_ty="2.401000"/>
   <element name="drop" layername="drop" frame="0" z_index="7" m_a="1.000020" m_b="0.000000" m_c="0.000000" m_d="1.000020" m_tx="0.000000" m_ty="0.500000"/>
  </frame>
  <frame idx="250" w="82" h="90" x="6.000481" y="3.476536">
   <element name="frame_circle" layername="frame_circle" frame="0" z_index="8" m_a="1.000000" m_b="0.000000" m_c="0.000000" m_d="1.000000" m_tx="6.000000" m_ty="2.401000"/>
   <element name="drop" layername="drop" frame="0" z_index="7" m_a="1.000020" m_b="0.000000" m_c="0.000000" m_d="1.000020" m_tx="0.000000" m_ty="0.500000"/>
  </frame>
  <frame idx="275" w="82" h="90" x="6.000481" y="3.476536">
   <element name="frame_circle" layername="frame_circle" frame="0" z_index="8" m_a="1.000000" m_b="0.000000" m_c="0.000000" m_d="1.000000" m_tx="6.000000" m_ty="2.401000"/>
   <element name="drop" layername="drop" frame="0" z_index="7" m_a="1.000020" m_b="0.000000" m_c="0.000000" m_d="1.000020" m_tx="0.000000" m_ty="0.500000"/>
  </frame>
  <frame idx="300" w="82" h="90" x="6.000481" y="3.476536">
   <element name="frame_circle" layername="frame_circle" frame="0" z_index="8" m_a="1.000000" m_b="0.000000" m_c="0.000000" m_d="1.000000" m_tx="6.000000" m_ty="2.401000"/>
   <element name="drop" layername="drop" frame="0" z_index="7" m_a="1.000020" m_b="0.000000" m_c="0.000000" m_d="1.000020" m_tx="0.000000" m_ty="0.500000"/>
  </frame>
  <frame idx="325" w="82" h="90" x="6.000481" y="3.476536">
   <element name="frame_circle" layername="frame_circle" frame="0" z_index="8" m_a="1.000000" m_b="0.000000" m_c="0.000000" m_d="1.000000" m_tx="6.000000" m_ty="2.401000"/>
   <element name="drop" layername="drop" frame="0" z_index="7" m_a="1.000020" m_b="0.000000" m_c="0.000000" m_d="1.000020" m_tx="0.000000" m_ty="0.500000"/>
  </frame>
  <frame idx="350" w="82" h="90" x="6.000481" y="3.476536">
   <element name="frame_circle" layername="frame_circle" frame="0" z_index="8" m_a="1.000000" m_b="0.000000" m_c="0.000000" m_d="1.000000" m_tx="6.000000" m_ty="2.401000"/>
   <element name="drop" layername="drop" frame="0" z_index="7" m_a="1.000020" m_b="0.000000" m_c="0.000000" m_d="1.000020" m_tx="0.000000" m_ty="0.500000"/>
  </frame>
  <frame idx="375" w="82" h="90" x="6.000481" y="3.476536">
   <element name="frame_circle" layername="frame_circle" frame="0" z_index="8" m_a="1.000000" m_b="0.000000" m_c="0.000000" m_d="1.000000" m_tx="6.000000" m_ty="2.401000"/>
   <element name="drop" layername="drop" frame="0" z_index="7" m_a="1.000020" m_b="0.000000" m_c="0.000000" m_d="1.000020" m_tx="0.000000" m_ty="0.500000"/>
  </frame>
  <frame idx="400" w="82" h="90" x="6.000481" y="3.476536">
   <element name="frame_circle" layername="frame_circle" frame="0" z_index="8" m_a="1.000000" m_b="0.000000" m_c="0.000000" m_d="1.000000" m_tx="6.000000" m_ty="2.401000"/>
   <element name="drop" layername="drop" frame="0" z_index="7" m_a="1.000020" m_b="0.000000" m_c="0.000000" m_d="1.000020" m_tx="0.000000" m_ty="0.500000"/>
  </frame>
  <frame idx="425" w="82" h="90" x="6.000481" y="3.476536">
   <element name="frame_circle" layername="frame_circle" frame="0" z_index="8" m_a="1.000000" m_b="0.000000" m_c="0.000000" m_d="1.000000" m_tx="6.000000" m_ty="2.401000"/>
   <element name="drop" layername="drop" frame="0" z_index="7" m_a="1.000020" m_b="0.000000" m_c="0.000000" m_d="1.000020" m_tx="0.000000" m_ty="0.500000"/>
  </frame>
  <frame idx="450" w="82" h="90" x="6.000481" y="3.476536">
   <element name="frame_circle" layername="frame_circle" frame="0" z_index="8" m_a="1.000000" m_b="0.000000" m_c="0.000000" m_d="1.000000" m_tx="6.000000" m_ty="2.401000"/>
   <element name="drop" layername="drop" frame="0" z_index="7" m_a="1.000020" m_b="0.000000" m_c="0.000000" m_d="1.000020" m_tx="0.000000" m_ty="0.500000"/>
  </frame>
  <frame idx="475" w="82" h="90" x="6.000481" y="3.476536">
   <element name="frame_circle" layername="frame_circle" frame="0" z_index="8" m_a="1.000000" m_b="0.000000" m_c="0.000000" m_d="1.000000" m_tx="6.000000" m_ty="2.401000"/>
   <element name="drop" layername="drop" frame="0" z_index="7" m_a="1.000020" m_b="0.000000" m_c="0.000000" m_d="1.000020" m_tx="0.000000" m_ty="0.500000"/>
  </frame>
  <frame idx="500" w="82" h="90" x="6.000481" y="3.476536">
   <element name="frame_circle" layername="frame_circle" frame="0" z_index="8" m_a="1.000000" m_b="0.000000" m_c="0.000000" m_d="1.000000" m_tx="6.000000" m_ty="2.401000"/>
   <element name="drop" layername="drop" frame="0" z_index="7" m_a="1.000020" m_b="0.000000" m_c="0.000000" m_d="1.000020" m_tx="0.000000" m_ty="0.500000"/>
  </frame>
  <frame idx="525" w="82" h="90" x="6.000481" y="3.476536">
   <element name="frame_circle" layername="frame_circle" frame="0" z_index="8" m_a="1.000000" m_b="0.000000" m_c="0.000000" m_d="1.000000" m_tx="6.000000" m_ty="2.401000"/>
   <element name="drop" layername="drop" frame="0" z_index="7" m_a="1.000020" m_b="0.000000" m_c="0.000000" m_d="1.000020" m_tx="0.000000" m_ty="0.500000"/>
  </frame>
  <frame idx="550" w="82" h="90" x="6.000481" y="3.476536">
   <element name="frame_circle" layername="frame_circle" frame="0" z_index="8" m_a="1.000000" m_b="0.000000" m_c="0.000000" m_d="1.000000" m_tx="6.000000" m_ty="2.401000"/>
   <element name="drop" layername="drop" frame="0" z_index="7" m_a="1.000020" m_b="0.000000" m_c="0.000000" m_d="1.000020" m_tx="0.000000" m_ty="0.500000"/>
  </frame>
  <frame idx="575" w="82" h="90" x="6.000481" y="3.476536">
   <element name="frame_circle" layername="frame_circle" frame="0" z_index="8" m_a="1.000000" m_b="0.000000" m_c="0.000000" m_d="1.000000" m_tx="6.000000" m_ty="2.401000"/>
   <element name="drop" layername="drop" frame="0" z_index="7" m_a="1.000020" m_b="0.000000" m_c="0.000000" m_d="1.000020" m_tx="0.000000" m_ty="0.500000"/>
  </frame>
  <frame idx="600" w="82" h="90" x="6.000481" y="3.476536">
   <element name="frame_circle" layername="frame_circle" frame="0" z_index="8" m_a="1.000000" m_b="0.000000" m_c="0.000000" m_d="1.000000" m_tx="6.000000" m_ty="2.401000"/>
   <element name="drop" layername="drop" frame="0" z_index="7" m_a="1.000020" m_b="0.000000" m_c="0.000000" m_d="1.000020" m_tx="0.000000" m_ty="0.500000"/>
  </frame>
  <frame idx="625" w="82" h="90" x="6.000481" y="3.476536">
   <element name="frame_circle" layername="frame_circle" frame="0" z_index="8" m_a="1.000000" m_b="0.000000" m_c="0.000000" m_d="1.000000" m_tx="6.000000" m_ty="2.401000"/>
   <element name="drop" layername="drop" frame="0" z_index="7" m_a="1.000020" m_b="0.000000" m_c="0.000000" m_d="1.000020" m_tx="0.000000" m_ty="0.500000"/>
  </frame>
  <frame idx="650" w="82" h="90" x="6.000481" y="3.476536">
   <element name="frame_circle" layername="frame_circle" frame="0" z_index="8" m_a="1.000000" m_b="0.000000" m_c="0.000000" m_d="1.000000" m_tx="6.000000" m_ty="2.401000"/>
   <element name="drop" layername="drop" frame="0" z_index="7" m_a="1.000020" m_b="0.000000" m_c="0.000000" m_d="1.000020" m_tx="0.000000" m_ty="0.500000"/>
  </frame>
  <frame idx="675" w="82" h="90" x="6.000481" y="3.476536">
   <element name="frame_circle" layername="frame_circle" frame="0" z_index="8" m_a="1.000000" m_b="0.000000" m_c="0.000000" m_d="1.000000" m_tx="6.000000" m_ty="2.401000"/>
   <element name="drop" layername="drop" frame="0" z_index="7" m_a="1.000020" m_b="0.000000" m_c="0.000000" m_d="1.000020" m_tx="0.000000" m_ty="0.500000"/>
  </frame>
  <frame idx="700" w="82" h="90" x="6.000481" y="3.476536">
   <element name="frame_circle" layername="frame_circle" frame="0" z_index="8" m_a="1.000000" m_b="0.000000" m_c="0.000000" m_d="1.000000" m_tx="6.000000" m_ty="2.401000"/>
   <element name="drop" layername="drop" frame="0" z_index="7" m_a="1.000020" m_b="0.000000" m_c="0.000000" m_d="1.000020" m_tx="0.000000" m_ty="0.500000"/>
  </frame>
  <frame idx="725" w="82" h="90" x="6.000481" y="3.476536">
   <element name="frame_circle" layername="frame_circle" frame="0" z_index="8" m_a="1.000000" m_b="0.000000" m_c="0.000000" m_d="1.000000" m_tx="6.000000" m_ty="2.401000"/>
   <element name="drop" layername="drop" frame="0" z_index="7" m_a="1.000020" m_b="0.000000" m_c="0.000000" m_d="1.000020" m_tx="0.000000" m_ty="0.500000"/>
  </frame>
 </anim>
 <anim name="close_90s" root="magearmor" numframes="150" framerate="40">
  <frame idx="0" w="82" h="90" x="6.000481" y="3.476536">
   <element name="frame_circle" layername="frame_circle" frame="0" z_index="8" m_a="1.000000" m_b="0.000000" m_c="0.000000" m_d="1.000000" m_tx="6.000000" m_ty="2.401000"/>
   <element name="drop" layername="drop" frame="0" z_index="7" m_a="1.000020" m_b="0.000000" m_c="0.000000" m_d="1.000020" m_tx="0.000000" m_ty="0.500000"/>
  </frame>
  <frame idx="25" w="82" h="86" x="5.853718" y="0.374928">
   <element name="frame_circle" layername="frame_circle" frame="0" z_index="8" m_a="0.996331" m_b="0.000000" m_c="0.000000" m_d="0.926152" m_tx="6.000000" m_ty="2.401000"/>
   <element name="drop" layername="drop" frame="0" z_index="7" m_a="0.996348" m_b="0.000000" m_c="0.000000" m_d="0.926169" m_tx="0.000000" m_ty="0.463235"/>
  </frame>
  <frame idx="50" w="82" h="79" x="5.510883" y="-6.876907">
   <element name="frame_circle" layername="frame_circle" frame="0" z_index="8" m_a="0.987760" m_b="0.000000" m_c="0.000000" m_d="0.753489" m_tx="6.000000" m_ty="2.401000"/>
   <element name="drop" layername="drop" frame="0" z_index="7" m_a="0.987776" m_b="0.000000" m_c="0.000000" m_d="0.753497" m_tx="0.000000" m_ty="0.353030"/>
  </frame>
  <frame idx="75" w="81" h="65" x="4.961132" y="-18.508278">
   <element name="frame_circle" layername="frame_circle" frame="0" z_index="8" m_a="0.974016" m_b="0.000000" m_c="0.000000" m_d="0.476552" m_tx="6.000000" m_ty="2.401000"/>
   <element name="drop" layername="drop" frame="0" z_index="7" m_a="0.974031" m_b="0.000000" m_c="0.000000" m_d="0.476552" m_tx="-0.011879" m_ty="0.165394"/>
  </frame>
  <frame idx="100" w="81" h="53" x="4.206039" y="-29.790976">
   <element name="frame_circle" layername="frame_circle" frame="0" z_index="8" m_a="0.955139" m_b="0.000000" m_c="0.000000" m_d="0.096146" m_tx="6.000000" m_ty="2.401000"/>
   <element name="drop" layername="drop" frame="0" z_index="7" m_a="0.955154" m_b="0.000000" m_c="0.000000" m_d="0.096146" m_tx="-0.049000" m_ty="-0.099000"/>
  </frame>
  <frame idx="125" w="81" h="63" x="4.875607" y="-20.320457">
   <element name="frame_circle" layername="frame_circle" frame="0" z_index="8" m_a="0.971878" m_b="0.000000" m_c="0.000000" m_d="0.433405" m_tx="6.000000" m_ty="2.401000"/>
   <element name="drop" layername="drop" frame="0" z_index="7" m_a="0.971895" m_b="0.000000" m_c="0.000000" m_d="0.433412" m_tx="-0.030716" m_ty="0.124507"/>
  </frame>
 </anim>
 <anim name="open_90s" root="magearmor" numframes="200" framerate="40">
  <frame idx="0" w="81" h="53" x="4.206039" y="-29.790976">
   <element name="frame_circle" layername="frame_circle" frame="0" z_index="8" m_a="0.955139" m_b="0.000000" m_c="0.000000" m_d="0.096146" m_tx="6.000000" m_ty="2.401000"/>
   <element name="drop" layername="drop" frame="0" z_index="7" m_a="0.955154" m_b="0.000000" m_c="0.000000" m_d="0.096146" m_tx="-0.049000" m_ty="-0.099000"/>
  </frame>
  <frame idx="25" w="81" h="58" x="4.857689" y="-25.591864">
   <element name="frame_circle" layername="frame_circle" frame="0" z_index="8" m_a="0.971430" m_b="0.000000" m_c="0.000000" m_d="0.270343" m_tx="6.000000" m_ty="2.401000"/>
   <element name="drop" layername="drop" frame="0" z_index="7" m_a="0.971445" m_b="0.000000" m_c="0.000000" m_d="0.270343" m_tx="-0.049000" m_ty="-0.062235"/>
  </frame>
  <frame idx="50" w="83" h="74" x="6.381683" y="-10.062231">
   <element name="frame_circle" layername="frame_circle" frame="0" z_index="8" m_a="1.009530" m_b="0.000000" m_c="0.000000" m_d="0.677648" m_tx="6.000000" m_ty="2.401000"/>
   <element name="drop" layername="drop" frame="0" z_index="7" m_a="1.009543" m_b="0.000000" m_c="0.000000" m_d="0.677653" m_tx="-0.049000" m_ty="-0.001000"/>
  </frame>
  <frame idx="75" w="84" h="92" x="7.515751" y="5.067570">
   <element name="frame_circle" layername="frame_circle" frame="0" z_index="8" m_a="1.037882" m_b="0.000000" m_c="0.000000" m_d="1.037882" m_tx="6.000000" m_ty="2.401000"/>
   <element name="drop" layername="drop" frame="0" z_index="7" m_a="1.037889" m_b="0.000000" m_c="0.000000" m_d="1.037889" m_tx="-0.037121" m_ty="0.110606"/>
  </frame>
  <frame idx="100" w="83" h="91" x="6.778481" y="4.293434">
   <element name="frame_circle" layername="frame_circle" frame="0" z_index="8" m_a="1.019450" m_b="0.000000" m_c="0.000000" m_d="1.019450" m_tx="6.000000" m_ty="2.401000"/>
   <element name="drop" layername="drop" frame="0" z_index="7" m_a="1.019450" m_b="0.000000" m_c="0.000000" m_d="1.019450" m_tx="0.000000" m_ty="0.300000"/>
  </frame>
  <frame idx="125" w="83" h="90" x="6.349659" y="3.843174">
   <element name="frame_circle" layername="frame_circle" frame="0" z_index="8" m_a="1.008729" m_b="0.000000" m_c="0.000000" m_d="1.008729" m_tx="6.000000" m_ty="2.401000"/>
   <element name="drop" layername="drop" frame="0" z_index="7" m_a="1.008737" m_b="0.000000" m_c="0.000000" m_d="1.008737" m_tx="0.000000" m_ty="0.410294"/>
  </frame>
  <frame idx="150" w="83" h="90" x="6.100830" y="3.581905">
   <element name="frame_circle" layername="frame_circle" frame="0" z_index="8" m_a="1.002509" m_b="0.000000" m_c="0.000000" m_d="1.002509" m_tx="6.000000" m_ty="2.401000"/>
   <element name="drop" layername="drop" frame="0" z_index="7" m_a="1.002524" m_b="0.000000" m_c="0.000000" m_d="1.002524" m_tx="0.000000" m_ty="0.474242"/>
  </frame>
  <frame idx="175" w="82" h="90" x="6.000481" y="3.476536">
   <element name="frame_circle" layername="frame_circle" frame="0" z_index="8" m_a="1.000000" m_b="0.000000" m_c="0.000000" m_d="1.000000" m_tx="6.000000" m_ty="2.401000"/>
   <element name="drop" layername="drop" frame="0" z_index="7" m_a="1.000020" m_b="0.000000" m_c="0.000000" m_d="1.000020" m_tx="0.000000" m_ty="0.500000"/>
  </frame>
 </anim>
 <anim name="flash_90s" root="magearmor" numframes="1000" framerate="40">
  <frame idx="0" w="82" h="90" x="6.000481" y="3.476536">
   <element name="frame_circle" layername="frame_circle" frame="0" z_index="8" m_a="1.000000" m_b="0.000000" m_c="0.000000" m_d="1.000000" m_tx="6.000000" m_ty="2.401000"/>
   <element name="drop" layername="drop" frame="0" z_index="7" m_a="1.000020" m_b="0.000000" m_c="0.000000" m_d="1.000020" m_tx="0.000000" m_ty="0.500000"/>
  </frame>
  <frame idx="25" w="82" h="90" x="6.000481" y="3.476536">
   <element name="frame_circle" layername="frame_circle" frame="0" z_index="8" m_a="1.000000" m_b="0.000000" m_c="0.000000" m_d="1.000000" m_tx="6.000000" m_ty="2.401000"/>
   <element name="drop" layername="drop" frame="0" z_index="7" m_a="1.000020" m_b="0.000000" m_c="0.000000" m_d="1.000020" m_tx="0.000000" m_ty="0.500000"/>
  </frame>
  <frame idx="50" w="82" h="90" x="6.000481" y="3.476536">
   <element name="frame_circle" layername="frame_circle" frame="0" z_index="8" m_a="1.000000" m_b="0.000000" m_c="0.000000" m_d="1.000000" m_tx="6.000000" m_ty="2.401000"/>
   <element name="drop" layername="drop" frame="0" z_index="7" m_a="1.000020" m_b="0.000000" m_c="0.000000" m_d="1.000020" m_tx="0.000000" m_ty="0.500000"/>
  </frame>
  <frame idx="75" w="82" h="90" x="6.000481" y="3.476536">
   <element name="frame_circle" layername="frame_circle" frame="0" z_index="8" m_a="1.000000" m_b="0.000000" m_c="0.000000" m_d="1.000000" m_tx="6.000000" m_ty="2.401000"/>
   <element name="drop" layername="drop" frame="0" z_index="7" m_a="1.000020" m_b="0.000000" m_c="0.000000" m_d="1.000020" m_tx="0.000000" m_ty="0.500000"/>
  </frame>
  <frame idx="100" w="82" h="90" x="6.000481" y="3.476536">
   <element name="frame_circle" layername="frame_circle" frame="0" z_index="8" m_a="1.000000" m_b="0.000000" m_c="0.000000" m_d="1.000000" m_tx="6.000000" m_ty="2.401000"/>
   <element name="drop" layername="drop" frame="0" z_index="7" m_a="1.000020" m_b="0.000000" m_c="0.000000" m_d="1.000020" m_tx="0.000000" m_ty="0.500000"/>
  </frame>
  <frame idx="125" w="82" h="90" x="6.000481" y="3.476536">
   <element name="frame_circle" layername="frame_circle" frame="0" z_index="8" m_a="1.000000" m_b="0.000000" m_c="0.000000" m_d="1.000000" m_tx="6.000000" m_ty="2.401000"/>
  </frame>
  <frame idx="150" w="82" h="90" x="6.000481" y="3.476536">
   <element name="frame_circle" layername="frame_circle" frame="0" z_index="8" m_a="1.000000" m_b="0.000000" m_c="0.000000" m_d="1.000000" m_tx="6.000000" m_ty="2.401000"/>
  </frame>
  <frame idx="175" w="82" h="90" x="6.000481" y="3.476536">
   <element name="frame_circle" layername="frame_circle" frame="0" z_index="8" m_a="1.000000" m_b="0.000000" m_c="0.000000" m_d="1.000000" m_tx="6.000000" m_ty="2.401000"/>
  </frame>
  <frame idx="200" w="82" h="90" x="6.000481" y="3.476536">
   <element name="frame_circle" layername="frame_circle" frame="0" z_index="8" m_a="1.000000" m_b="0.000000" m_c="0.000000" m_d="1.000000" m_tx="6.000000" m_ty="2.401000"/>
  </frame>
  <frame idx="225" w="82" h="90" x="6.000481" y="3.476536">
   <element name="frame_circle" layername="frame_circle" frame="0" z_index="8" m_a="1.000000" m_b="0.000000" m_c="0.000000" m_d="1.000000" m_tx="6.000000" m_ty="2.401000"/>
  </frame>
  <frame idx="250" w="82" h="90" x="6.000481" y="3.476536">
   <element name="frame_circle" layername="frame_circle" frame="0" z_index="8" m_a="1.000000" m_b="0.000000" m_c="0.000000" m_d="1.000000" m_tx="6.000000" m_ty="2.401000"/>
  </frame>
  <frame idx="275" w="82" h="90" x="6.000481" y="3.476536">
   <element name="frame_circle" layername="frame_circle" frame="0" z_index="8" m_a="1.000000" m_b="0.000000" m_c="0.000000" m_d="1.000000" m_tx="6.000000" m_ty="2.401000"/>
  </frame>
  <frame idx="300" w="82" h="90" x="6.000481" y="3.476536">
   <element name="frame_circle" layername="frame_circle" frame="0" z_index="8" m_a="1.000000" m_b="0.000000" m_c="0.000000" m_d="1.000000" m_tx="6.000000" m_ty="2.401000"/>
   <element name="drop" layername="drop" frame="0" z_index="7" m_a="1.000020" m_b="0.000000" m_c="0.000000" m_d="1.000020" m_tx="0.000000" m_ty="0.500000"/>
  </frame>
  <frame idx="325" w="82" h="90" x="6.000481" y="3.476536">
   <element name="frame_circle" layername="frame_circle" frame="0" z_index="8" m_a="1.000000" m_b="0.000000" m_c="0.000000" m_d="1.000000" m_tx="6.000000" m_ty="2.401000"/>
   <element name="drop" layername="drop" frame="0" z_index="7" m_a="1.000020" m_b="0.000000" m_c="0.000000" m_d="1.000020" m_tx="0.000000" m_ty="0.500000"/>
  </frame>
  <frame idx="350" w="82" h="90" x="6.000481" y="3.476536">
   <element name="frame_circle" layername="frame_circle" frame="0" z_index="8" m_a="1.000000" m_b="0.000000" m_c="0.000000" m_d="1.000000" m_tx="6.000000" m_ty="2.401000"/>
   <element name="drop" layername="drop" frame="0" z_index="7" m_a="1.000020" m_b="0.000000" m_c="0.000000" m_d="1.000020" m_tx="0.000000" m_ty="0.500000"/>
  </frame>
  <frame idx="375" w="82" h="90" x="6.000481" y="3.476536">
   <element name="frame_circle" layername="frame_circle" frame="0" z_index="8" m_a="1.000000" m_b="0.000000" m_c="0.000000" m_d="1.000000" m_tx="6.000000" m_ty="2.401000"/>
   <element name="drop" layername="drop" frame="0" z_index="7" m_a="1.000020" m_b="0.000000" m_c="0.000000" m_d="1.000020" m_tx="0.000000" m_ty="0.500000"/>
  </frame>
  <frame idx="400" w="82" h="90" x="6.000481" y="3.476536">
   <element name="frame_circle" layername="frame_circle" frame="0" z_index="8" m_a="1.000000" m_b="0.000000" m_c="0.000000" m_d="1.000000" m_tx="6.000000" m_ty="2.401000"/>
   <element name="drop" layername="drop" frame="0" z_index="7" m_a="1.000020" m_b="0.000000" m_c="0.000000" m_d="1.000020" m_tx="0.000000" m_ty="0.500000"/>
  </frame>
  <frame idx="425" w="82" h="90" x="6.000481" y="3.476536">
   <element name="frame_circle" layername="frame_circle" frame="0" z_index="8" m_a="1.000000" m_b="0.000000" m_c="0.000000" m_d="1.000000" m_tx="6.000000" m_ty="2.401000"/>
   <element name="drop" layername="drop" frame="0" z_index="7" m_a="1.000020" m_b="0.000000" m_c="0.000000" m_d="1.000020" m_tx="0.000000" m_ty="0.500000"/>
  </frame>
  <frame idx="450" w="82" h="90" x="6.000481" y="3.476536">
   <element name="frame_circle" layername="frame_circle" frame="0" z_index="8" m_a="1.000000" m_b="0.000000" m_c="0.000000" m_d="1.000000" m_tx="6.000000" m_ty="2.401000"/>
   <element name="drop" layername="drop" frame="0" z_index="7" m_a="1.000020" m_b="0.000000" m_c="0.000000" m_d="1.000020" m_tx="0.000000" m_ty="0.500000"/>
  </frame>
  <frame idx="475" w="82" h="90" x="6.000481" y="3.476536">
   <element name="frame_circle" layername="frame_circle" frame="0" z_index="8" m_a="1.000000" m_b="0.000000" m_c="0.000000" m_d="1.000000" m_tx="6.000000" m_ty="2.401000"/>
   <element name="drop" layername="drop" frame="0" z_index="7" m_a="1.000020" m_b="0.000000" m_c="0.000000" m_d="1.000020" m_tx="0.000000" m_ty="0.500000"/>
  </frame>
  <frame idx="500" w="82" h="90" x="6.000481" y="3.476536">
   <element name="frame_circle" layername="frame_circle" frame="0" z_index="8" m_a="1.000000" m_b="0.000000" m_c="0.000000" m_d="1.000000" m_tx="6.000000" m_ty="2.401000"/>
   <element name="drop" layername="drop" frame="0" z_index="7" m_a="1.000020" m_b="0.000000" m_c="0.000000" m_d="1.000020" m_tx="0.000000" m_ty="0.500000"/>
  </frame>
  <frame idx="525" w="82" h="90" x="6.000481" y="3.476536">
   <element name="frame_circle" layername="frame_circle" frame="0" z_index="8" m_a="1.000000" m_b="0.000000" m_c="0.000000" m_d="1.000000" m_tx="6.000000" m_ty="2.401000"/>
   <element name="drop" layername="drop" frame="0" z_index="7" m_a="1.000020" m_b="0.000000" m_c="0.000000" m_d="1.000020" m_tx="0.000000" m_ty="0.500000"/>
  </frame>
  <frame idx="550" w="82" h="90" x="6.000481" y="3.476536">
   <element name="frame_circle" layername="frame_circle" frame="0" z_index="8" m_a="1.000000" m_b="0.000000" m_c="0.000000" m_d="1.000000" m_tx="6.000000" m_ty="2.401000"/>
   <element name="drop" layername="drop" frame="0" z_index="7" m_a="1.000020" m_b="0.000000" m_c="0.000000" m_d="1.000020" m_tx="0.000000" m_ty="0.500000"/>
  </frame>
  <frame idx="575" w="82" h="90" x="6.000481" y="3.476536">
   <element name="frame_circle" layername="frame_circle" frame="0" z_index="8" m_a="1.000000" m_b="0.000000" m_c="0.000000" m_d="1.000000" m_tx="6.000000" m_ty="2.401000"/>
   <element name="drop" layername="drop" frame="0" z_index="7" m_a="1.000020" m_b="0.000000" m_c="0.000000" m_d="1.000020" m_tx="0.000000" m_ty="0.500000"/>
  </frame>
  <frame idx="600" w="82" h="90" x="6.000481" y="3.476536">
   <element name="frame_circle" layername="frame_circle" frame="0" z_index="8" m_a="1.000000" m_b="0.000000" m_c="0.000000" m_d="1.000000" m_tx="6.000000" m_ty="2.401000"/>
   <element name="drop" layername="drop" frame="0" z_index="7" m_a="1.000020" m_b="0.000000" m_c="0.000000" m_d="1.000020" m_tx="0.000000" m_ty="0.500000"/>
  </frame>
  <frame idx="625" w="82" h="90" x="6.000481" y="3.476536">
   <element name="frame_circle" layername="frame_circle" frame="0" z_index="8" m_a="1.000000" m_b="0.000000" m_c="0.000000" m_d="1.000000" m_tx="6.000000" m_ty="2.401000"/>
   <element name="drop" layername="drop" frame="0" z_index="7" m_a="1.000020" m_b="0.000000" m_c="0.000000" m_d="1.000020" m_tx="0.000000" m_ty="0.500000"/>
  </frame>
  <frame idx="650" w="82" h="90" x="6.000481" y="3.476536">
   <element name="frame_circle" layername="frame_circle" frame="0" z_index="8" m_a="1.000000" m_b="0.000000" m_c="0.000000" m_d="1.000000" m_tx="6.000000" m_ty="2.401000"/>
   <element name="drop" layername="drop" frame="0" z_index="7" m_a="1.000020" m_b="0.000000" m_c="0.000000" m_d="1.000020" m_tx="0.000000" m_ty="0.500000"/>
  </frame>
  <frame idx="675" w="82" h="90" x="6.000481" y="3.476536">
   <element name="frame_circle" layername="frame_circle" frame="0" z_index="8" m_a="1.000000" m_b="0.000000" m_c="0.000000" m_d="1.000000" m_tx="6.000000" m_ty="2.401000"/>
   <element name="drop" layername="drop" frame="0" z_index="7" m_a="1.000020" m_b="0.000000" m_c="0.000000" m_d="1.000020" m_tx="0.000000" m_ty="0.500000"/>
  </frame>
  <frame idx="700" w="82" h="90" x="6.000481" y="3.476536">
   <element name="frame_circle" layername="frame_circle" frame="0" z_index="8" m_a="1.000000" m_b="0.000000" m_c="0.000000" m_d="1.000000" m_tx="6.000000" m_ty="2.401000"/>
  </frame>
  <frame idx="725" w="82" h="90" x="6.000481" y="3.476536">
   <element name="frame_circle" layername="frame_circle" frame="0" z_index="8" m_a="1.000000" m_b="0.000000" m_c="0.000000" m_d="1.000000" m_tx="6.000000" m_ty="2.401000"/>
  </frame>
  <frame idx="750" w="82" h="90" x="6.000481" y="3.476536">
   <element name="frame_circle" layername="frame_circle" frame="0" z_index="8" m_a="1.000000" m_b="0.000000" m_c="0.000000" m_d="1.000000" m_tx="6.000000" m_ty="2.401000"/>
  </frame>
  <frame idx="775" w="82" h="90" x="6.000481" y="3.476536">
   <element name="frame_circle" layername="frame_circle" frame="0" z_index="8" m_a="1.000000" m_b="0.000000" m_c="0.000000" m_d="1.000000" m_tx="6.000000" m_ty="2.401000"/>
  </frame>
  <frame idx="800" w="82" h="90" x="6.000481" y="3.476536">
   <element name="frame_circle" layername="frame_circle" frame="0" z_index="8" m_a="1.000000" m_b="0.000000" m_c="0.000000" m_d="1.000000" m_tx="6.000000" m_ty="2.401000"/>
  </frame>
  <frame idx="825" w="82" h="90" x="6.000481" y="3.476536">
   <element name="frame_circle" layername="frame_circle" frame="0" z_index="8" m_a="1.000000" m_b="0.000000" m_c="0.000000" m_d="1.000000" m_tx="6.000000" m_ty="2.401000"/>
  </frame>
  <frame idx="850" w="82" h="90" x="6.000481" y="3.476536">
   <element name="frame_circle" layername="frame_circle" frame="0" z_index="8" m_a="1.000000" m_b="0.000000" m_c="0.000000" m_d="1.000000" m_tx="6.000000" m_ty="2.401000"/>
  </frame>
  <frame idx="875" w="82" h="90" x="6.000481" y="3.476536">
   <element name="frame_circle" layername="frame_circle" frame="0" z_index="8" m_a="1.000000" m_b="0.000000" m_c="0.000000" m_d="1.000000" m_tx="6.000000" m_ty="2.401000"/>
  </frame>
  <frame idx="900" w="82" h="90" x="6.000481" y="3.476536">
   <element name="frame_circle" layername="frame_circle" frame="0" z_index="8" m_a="1.000000" m_b="0.000000" m_c="0.000000" m_d="1.000000" m_tx="6.000000" m_ty="2.401000"/>
   <element name="drop" layername="drop" frame="0" z_index="7" m_a="1.000020" m_b="0.000000" m_c="0.000000" m_d="1.000020" m_tx="0.000000" m_ty="0.500000"/>
  </frame>
  <frame idx="925" w="82" h="90" x="6.000481" y="3.476536">
   <element name="frame_circle" layername="frame_circle" frame="0" z_index="8" m_a="1.000000" m_b="0.000000" m_c="0.000000" m_d="1.000000" m_tx="6.000000" m_ty="2.401000"/>
   <element name="drop" layername="drop" frame="0" z_index="7" m_a="1.000020" m_b="0.000000" m_c="0.000000" m_d="1.000020" m_tx="0.000000" m_ty="0.500000"/>
  </frame>
  <frame idx="950" w="82" h="90" x="6.000481" y="3.476536">
   <element name="frame_circle" layername="frame_circle" frame="0" z_index="8" m_a="1.000000" m_b="0.000000" m_c="0.000000" m_d="1.000000" m_tx="6.000000" m_ty="2.401000"/>
   <element name="drop" layername="drop" frame="0" z_index="7" m_a="1.000020" m_b="0.000000" m_c="0.000000" m_d="1.000020" m_tx="0.000000" m_ty="0.500000"/>
  </frame>
  <frame idx="975" w="82" h="90" x="6.000481" y="3.476536">
   <element name="frame_circle" layername="frame_circle" frame="0" z_index="8" m_a="1.000000" m_b="0.000000" m_c="0.000000" m_d="1.000000" m_tx="6.000000" m_ty="2.401000"/>
   <element name="drop" layername="drop" frame="0" z_index="7" m_a="1.000020" m_b="0.000000" m_c="0.000000" m_d="1.000020" m_tx="0.000000" m_ty="0.500000"/>
  </frame>
 </anim>
</Anims>
