<Anims>
 <anim name="idle" root="spear" numframes="200" framerate="40">
  <frame idx="0" w="241" h="217" x="-41.500000" y="-19.500000">
   <element name="lollipop01" layername="lollipo" frame="0" z_index="4" m_a="1.000000" m_b="0.000000" m_c="0.000000" m_d="1.000000" m_tx="-121.000000" m_ty="-101.000000"/>
  </frame>
  <frame idx="25" w="241" h="217" x="-41.500000" y="-19.500000">
   <element name="lollipop01" layername="lollipo" frame="0" z_index="4" m_a="1.000000" m_b="0.000000" m_c="0.000000" m_d="1.000000" m_tx="-121.000000" m_ty="-101.000000"/>
  </frame>
  <frame idx="50" w="241" h="434" x="-41.500000" y="-100.624504">
   <element name="spear01" layername="lollipo" frame="0" z_index="4" m_a="1.000000" m_b="0.000000" m_c="0.000000" m_d="1.000000" m_tx="-2.549000" m_ty="67.099998"/>
   <element name="lollipop01" layername="lollipo" frame="0" z_index="4" m_a="1.000000" m_b="0.000000" m_c="0.000000" m_d="1.000000" m_tx="-121.000000" m_ty="-101.000000"/>
  </frame>
  <frame idx="75" w="241" h="434" x="-41.500000" y="-100.624504">
   <element name="spear01" layername="lollipo" frame="0" z_index="4" m_a="1.000000" m_b="0.000000" m_c="0.000000" m_d="1.000000" m_tx="-2.549000" m_ty="67.099998"/>
   <element name="lollipop01" layername="lollipo" frame="0" z_index="4" m_a="1.000000" m_b="0.000000" m_c="0.000000" m_d="1.000000" m_tx="-121.000000" m_ty="-101.000000"/>
  </frame>
  <frame idx="100" w="241" h="434" x="-41.500000" y="-100.624504">
   <element name="spear01" layername="lollipo" frame="0" z_index="4" m_a="1.000000" m_b="0.000000" m_c="0.000000" m_d="1.000000" m_tx="-2.549000" m_ty="67.099998"/>
   <element name="lollipop01" layername="lollipo" frame="0" z_index="4" m_a="1.000000" m_b="0.000000" m_c="0.000000" m_d="1.000000" m_tx="-121.000000" m_ty="-101.000000"/>
  </frame>
  <frame idx="125" w="241" h="434" x="-41.500000" y="-100.624504">
   <element name="spear01" layername="lollipo" frame="0" z_index="4" m_a="1.000000" m_b="0.000000" m_c="0.000000" m_d="1.000000" m_tx="-2.549000" m_ty="67.099998"/>
   <element name="lollipop01" layername="lollipo" frame="0" z_index="4" m_a="1.000000" m_b="0.000000" m_c="0.000000" m_d="1.000000" m_tx="-121.000000" m_ty="-101.000000"/>
  </frame>
  <frame idx="150" w="241" h="434" x="-41.500000" y="-100.624504">
   <element name="spear01" layername="lollipo" frame="0" z_index="4" m_a="1.000000" m_b="0.000000" m_c="0.000000" m_d="1.000000" m_tx="-2.549000" m_ty="67.099998"/>
   <element name="lollipop01" layername="lollipo" frame="0" z_index="4" m_a="1.000000" m_b="0.000000" m_c="0.000000" m_d="1.000000" m_tx="-121.000000" m_ty="-101.000000"/>
  </frame>
  <frame idx="175" w="241" h="434" x="-41.500000" y="-100.624504">
   <element name="spear01" layername="lollipo" frame="0" z_index="4" m_a="1.000000" m_b="0.000000" m_c="0.000000" m_d="1.000000" m_tx="-2.549000" m_ty="67.099998"/>
   <element name="lollipop01" layername="lollipo" frame="0" z_index="4" m_a="1.000000" m_b="0.000000" m_c="0.000000" m_d="1.000000" m_tx="-121.000000" m_ty="-101.000000"/>
  </frame>
 </anim>
 <anim name="idle_water" root="spear" numframes="1200" framerate="40">
  <frame idx="0" w="312" h="185" x="-41.598434" y="24.500000">
   <element name="swap_spear_float" layername="swap_spear_float" frame="0" z_index="4" m_a="1.000000" m_b="0.000000" m_c="0.000000" m_d="1.000000" m_tx="-8.899000" m_ty="39.900002"/>
   <element name="swap_lollipop_float" layername="swap_lollipop_float" frame="0" z_index="3" m_a="1.000000" m_b="0.000000" m_c="0.000000" m_d="1.000000" m_tx="-106.000000" m_ty="-60.000000"/>
  </frame>
  <frame idx="25" w="314" h="185" x="-42.103111" y="24.500000">
   <element name="swap_spear_float" layername="swap_spear_float" frame="0" z_index="4" m_a="1.000699" m_b="0.000000" m_c="0.000000" m_d="0.998833" m_tx="-8.899000" m_ty="40.120590"/>
   <element name="swap_lollipop_float" layername="swap_lollipop_float" frame="0" z_index="3" m_a="1.000000" m_b="0.000000" m_c="0.000000" m_d="1.000000" m_tx="-106.000000" m_ty="-60.000000"/>
  </frame>
  <frame idx="50" w="314" h="185" x="-42.107849" y="24.500000">
   <element name="swap_spear_float" layername="swap_spear_float" frame="0" z_index="4" m_a="1.001406" m_b="0.000000" m_c="0.000000" m_d="0.997651" m_tx="-8.899000" m_ty="40.321213"/>
   <element name="swap_lollipop_float" layername="swap_lollipop_float" frame="0" z_index="3" m_a="1.000000" m_b="0.000000" m_c="0.000000" m_d="1.000000" m_tx="-106.000000" m_ty="-60.000000"/>
  </frame>
  <frame idx="75" w="314" h="185" x="-42.112637" y="24.500000">
   <element name="swap_spear_float" layername="swap_spear_float" frame="0" z_index="4" m_a="1.002120" m_b="0.000000" m_c="0.000000" m_d="0.996457" m_tx="-8.899000" m_ty="40.522728"/>
   <element name="swap_lollipop_float" layername="swap_lollipop_float" frame="0" z_index="3" m_a="1.000000" m_b="0.000000" m_c="0.000000" m_d="1.000000" m_tx="-106.000000" m_ty="-60.000000"/>
  </frame>
  <frame idx="100" w="314" h="185" x="-42.117458" y="24.500000">
   <element name="swap_spear_float" layername="swap_spear_float" frame="0" z_index="4" m_a="1.002840" m_b="0.000000" m_c="0.000000" m_d="0.995255" m_tx="-8.899000" m_ty="40.750000"/>
   <element name="swap_lollipop_float" layername="swap_lollipop_float" frame="0" z_index="3" m_a="1.000000" m_b="0.000000" m_c="0.000000" m_d="1.000000" m_tx="-106.000000" m_ty="-60.000000"/>
  </frame>
  <frame idx="125" w="314" h="185" x="-42.122089" y="24.500000">
   <element name="swap_spear_float" layername="swap_spear_float" frame="0" z_index="4" m_a="1.003531" m_b="0.000000" m_c="0.000000" m_d="0.994088" m_tx="-8.899000" m_ty="40.933823"/>
   <element name="swap_lollipop_float" layername="swap_lollipop_float" frame="0" z_index="3" m_a="1.000000" m_b="0.000000" m_c="0.000000" m_d="1.000000" m_tx="-106.000000" m_ty="-60.000000"/>
  </frame>
  <frame idx="150" w="315" h="185" x="-42.126907" y="24.500000">
   <element name="swap_spear_float" layername="swap_spear_float" frame="0" z_index="4" m_a="1.004250" m_b="0.000000" m_c="0.000000" m_d="0.992899" m_tx="-8.899000" m_ty="41.145454"/>
   <element name="swap_lollipop_float" layername="swap_lollipop_float" frame="0" z_index="3" m_a="1.000000" m_b="0.000000" m_c="0.000000" m_d="1.000000" m_tx="-106.000000" m_ty="-60.000000"/>
  </frame>
  <frame idx="175" w="315" h="185" x="-42.131783" y="24.500000">
   <element name="swap_spear_float" layername="swap_spear_float" frame="0" z_index="4" m_a="1.004978" m_b="0.000000" m_c="0.000000" m_d="0.991700" m_tx="-8.899000" m_ty="41.360607"/>
   <element name="swap_lollipop_float" layername="swap_lollipop_float" frame="0" z_index="3" m_a="1.000000" m_b="0.000000" m_c="0.000000" m_d="1.000000" m_tx="-106.000000" m_ty="-60.000000"/>
  </frame>
  <frame idx="200" w="315" h="185" x="-42.136551" y="24.500000">
   <element name="swap_spear_float" layername="swap_spear_float" frame="0" z_index="4" m_a="1.005690" m_b="0.000000" m_c="0.000000" m_d="0.990509" m_tx="-8.899000" m_ty="41.549999"/>
   <element name="swap_lollipop_float" layername="swap_lollipop_float" frame="0" z_index="3" m_a="1.000000" m_b="0.000000" m_c="0.000000" m_d="1.000000" m_tx="-106.000000" m_ty="-60.000000"/>
  </frame>
  <frame idx="225" w="315" h="185" x="-42.141232" y="24.500000">
   <element name="swap_spear_float" layername="swap_spear_float" frame="0" z_index="4" m_a="1.006389" m_b="0.000000" m_c="0.000000" m_d="0.989342" m_tx="-8.899000" m_ty="41.770588"/>
   <element name="swap_lollipop_float" layername="swap_lollipop_float" frame="0" z_index="3" m_a="1.000000" m_b="0.000000" m_c="0.000000" m_d="1.000000" m_tx="-106.000000" m_ty="-60.000000"/>
  </frame>
  <frame idx="250" w="315" h="185" x="-42.145969" y="24.500000">
   <element name="swap_spear_float" layername="swap_spear_float" frame="0" z_index="4" m_a="1.007096" m_b="0.000000" m_c="0.000000" m_d="0.988153" m_tx="-8.899000" m_ty="41.971210"/>
   <element name="swap_lollipop_float" layername="swap_lollipop_float" frame="0" z_index="3" m_a="1.000000" m_b="0.000000" m_c="0.000000" m_d="1.000000" m_tx="-106.000000" m_ty="-60.000000"/>
  </frame>
  <frame idx="275" w="316" h="185" x="-42.150757" y="24.500000">
   <element name="swap_spear_float" layername="swap_spear_float" frame="0" z_index="4" m_a="1.007810" m_b="0.000000" m_c="0.000000" m_d="0.986954" m_tx="-8.899000" m_ty="42.172726"/>
   <element name="swap_lollipop_float" layername="swap_lollipop_float" frame="0" z_index="3" m_a="1.000000" m_b="0.000000" m_c="0.000000" m_d="1.000000" m_tx="-106.000000" m_ty="-60.000000"/>
  </frame>
  <frame idx="300" w="316" h="185" x="-42.155579" y="24.500000">
   <element name="swap_spear_float" layername="swap_spear_float" frame="0" z_index="4" m_a="1.008530" m_b="0.000000" m_c="0.000000" m_d="0.985764" m_tx="-8.899000" m_ty="42.400002"/>
   <element name="swap_lollipop_float" layername="swap_lollipop_float" frame="0" z_index="3" m_a="1.000000" m_b="0.000000" m_c="0.000000" m_d="1.000000" m_tx="-106.000000" m_ty="-60.000000"/>
  </frame>
  <frame idx="325" w="316" h="185" x="-42.160259" y="24.500000">
   <element name="swap_spear_float" layername="swap_spear_float" frame="0" z_index="4" m_a="1.009229" m_b="0.000000" m_c="0.000000" m_d="0.984597" m_tx="-8.899000" m_ty="42.620590"/>
   <element name="swap_lollipop_float" layername="swap_lollipop_float" frame="0" z_index="3" m_a="1.000000" m_b="0.000000" m_c="0.000000" m_d="1.000000" m_tx="-106.000000" m_ty="-60.000000"/>
  </frame>
  <frame idx="350" w="316" h="185" x="-42.164997" y="24.500000">
   <element name="swap_spear_float" layername="swap_spear_float" frame="0" z_index="4" m_a="1.009936" m_b="0.000000" m_c="0.000000" m_d="0.983408" m_tx="-8.899000" m_ty="42.821213"/>
   <element name="swap_lollipop_float" layername="swap_lollipop_float" frame="0" z_index="3" m_a="1.000000" m_b="0.000000" m_c="0.000000" m_d="1.000000" m_tx="-106.000000" m_ty="-60.000000"/>
  </frame>
  <frame idx="375" w="316" h="185" x="-42.169785" y="24.500000">
   <element name="swap_spear_float" layername="swap_spear_float" frame="0" z_index="4" m_a="1.010650" m_b="0.000000" m_c="0.000000" m_d="0.982205" m_tx="-8.899000" m_ty="43.022728"/>
   <element name="swap_lollipop_float" layername="swap_lollipop_float" frame="0" z_index="3" m_a="1.000000" m_b="0.000000" m_c="0.000000" m_d="1.000000" m_tx="-106.000000" m_ty="-60.000000"/>
  </frame>
  <frame idx="400" w="316" h="185" x="-42.174606" y="24.500000">
   <element name="swap_spear_float" layername="swap_spear_float" frame="0" z_index="4" m_a="1.011370" m_b="0.000000" m_c="0.000000" m_d="0.981003" m_tx="-8.899000" m_ty="43.250000"/>
   <element name="swap_lollipop_float" layername="swap_lollipop_float" frame="0" z_index="3" m_a="1.000000" m_b="0.000000" m_c="0.000000" m_d="1.000000" m_tx="-106.000000" m_ty="-60.000000"/>
  </frame>
  <frame idx="425" w="317" h="185" x="-42.179237" y="24.500000">
   <element name="swap_spear_float" layername="swap_spear_float" frame="0" z_index="4" m_a="1.012061" m_b="0.000000" m_c="0.000000" m_d="0.979847" m_tx="-8.899000" m_ty="43.433823"/>
   <element name="swap_lollipop_float" layername="swap_lollipop_float" frame="0" z_index="3" m_a="1.000000" m_b="0.000000" m_c="0.000000" m_d="1.000000" m_tx="-106.000000" m_ty="-60.000000"/>
  </frame>
  <frame idx="450" w="317" h="185" x="-42.184052" y="24.500000">
   <element name="swap_spear_float" layername="swap_spear_float" frame="0" z_index="4" m_a="1.012780" m_b="0.000000" m_c="0.000000" m_d="0.978662" m_tx="-8.899000" m_ty="43.645454"/>
   <element name="swap_lollipop_float" layername="swap_lollipop_float" frame="0" z_index="3" m_a="1.000000" m_b="0.000000" m_c="0.000000" m_d="1.000000" m_tx="-106.000000" m_ty="-60.000000"/>
  </frame>
  <frame idx="475" w="317" h="185" x="-42.188927" y="24.500000">
   <element name="swap_spear_float" layername="swap_spear_float" frame="0" z_index="4" m_a="1.013508" m_b="0.000000" m_c="0.000000" m_d="0.977459" m_tx="-8.899000" m_ty="43.860607"/>
   <element name="swap_lollipop_float" layername="swap_lollipop_float" frame="0" z_index="3" m_a="1.000000" m_b="0.000000" m_c="0.000000" m_d="1.000000" m_tx="-106.000000" m_ty="-60.000000"/>
  </frame>
  <frame idx="500" w="317" h="185" x="-42.193699" y="24.500000">
   <element name="swap_spear_float" layername="swap_spear_float" frame="0" z_index="4" m_a="1.014220" m_b="0.000000" m_c="0.000000" m_d="0.976257" m_tx="-8.899000" m_ty="44.049999"/>
   <element name="swap_lollipop_float" layername="swap_lollipop_float" frame="0" z_index="3" m_a="1.000000" m_b="0.000000" m_c="0.000000" m_d="1.000000" m_tx="-106.000000" m_ty="-60.000000"/>
  </frame>
  <frame idx="525" w="317" h="185" x="-42.198380" y="24.500000">
   <element name="swap_spear_float" layername="swap_spear_float" frame="0" z_index="4" m_a="1.014919" m_b="0.000000" m_c="0.000000" m_d="0.975090" m_tx="-8.899000" m_ty="44.270588"/>
   <element name="swap_lollipop_float" layername="swap_lollipop_float" frame="0" z_index="3" m_a="1.000000" m_b="0.000000" m_c="0.000000" m_d="1.000000" m_tx="-106.000000" m_ty="-60.000000"/>
  </frame>
  <frame idx="550" w="318" h="185" x="-42.203117" y="24.500000">
   <element name="swap_spear_float" layername="swap_spear_float" frame="0" z_index="4" m_a="1.015626" m_b="0.000000" m_c="0.000000" m_d="0.973908" m_tx="-8.899000" m_ty="44.471210"/>
   <element name="swap_lollipop_float" layername="swap_lollipop_float" frame="0" z_index="3" m_a="1.000000" m_b="0.000000" m_c="0.000000" m_d="1.000000" m_tx="-106.000000" m_ty="-60.000000"/>
  </frame>
  <frame idx="575" w="318" h="185" x="-42.207901" y="24.500000">
   <element name="swap_spear_float" layername="swap_spear_float" frame="0" z_index="4" m_a="1.016340" m_b="0.000000" m_c="0.000000" m_d="0.972714" m_tx="-8.899000" m_ty="44.672726"/>
   <element name="swap_lollipop_float" layername="swap_lollipop_float" frame="0" z_index="3" m_a="1.000000" m_b="0.000000" m_c="0.000000" m_d="1.000000" m_tx="-106.000000" m_ty="-60.000000"/>
  </frame>
  <frame idx="600" w="318" h="185" x="-42.212723" y="24.500000">
   <element name="swap_spear_float" layername="swap_spear_float" frame="0" z_index="4" m_a="1.017060" m_b="0.000000" m_c="0.000000" m_d="0.971512" m_tx="-8.899000" m_ty="44.900002"/>
   <element name="swap_lollipop_float" layername="swap_lollipop_float" frame="0" z_index="3" m_a="1.000000" m_b="0.000000" m_c="0.000000" m_d="1.000000" m_tx="-106.000000" m_ty="-60.000000"/>
  </frame>
  <frame idx="625" w="318" h="185" x="-42.207748" y="24.500000">
   <element name="swap_spear_float" layername="swap_spear_float" frame="0" z_index="4" m_a="1.016317" m_b="0.000000" m_c="0.000000" m_d="0.972746" m_tx="-8.899000" m_ty="44.716179"/>
   <element name="swap_lollipop_float" layername="swap_lollipop_float" frame="0" z_index="3" m_a="1.000000" m_b="0.000000" m_c="0.000000" m_d="1.000000" m_tx="-106.000000" m_ty="-60.000000"/>
  </frame>
  <frame idx="650" w="318" h="185" x="-42.202709" y="24.500000">
   <element name="swap_spear_float" layername="swap_spear_float" frame="0" z_index="4" m_a="1.015565" m_b="0.000000" m_c="0.000000" m_d="0.974011" m_tx="-8.899000" m_ty="44.480305"/>
   <element name="swap_lollipop_float" layername="swap_lollipop_float" frame="0" z_index="3" m_a="1.000000" m_b="0.000000" m_c="0.000000" m_d="1.000000" m_tx="-106.000000" m_ty="-60.000000"/>
  </frame>
  <frame idx="675" w="317" h="185" x="-42.197670" y="24.500000">
   <element name="swap_spear_float" layername="swap_spear_float" frame="0" z_index="4" m_a="1.014812" m_b="0.000000" m_c="0.000000" m_d="0.975284" m_tx="-8.899000" m_ty="44.239391"/>
   <element name="swap_lollipop_float" layername="swap_lollipop_float" frame="0" z_index="3" m_a="1.000000" m_b="0.000000" m_c="0.000000" m_d="1.000000" m_tx="-106.000000" m_ty="-60.000000"/>
  </frame>
  <frame idx="700" w="317" h="185" x="-42.192696" y="24.500000">
   <element name="swap_spear_float" layername="swap_spear_float" frame="0" z_index="4" m_a="1.014070" m_b="0.000000" m_c="0.000000" m_d="0.976532" m_tx="-8.899000" m_ty="44.049999"/>
   <element name="swap_lollipop_float" layername="swap_lollipop_float" frame="0" z_index="3" m_a="1.000000" m_b="0.000000" m_c="0.000000" m_d="1.000000" m_tx="-106.000000" m_ty="-60.000000"/>
  </frame>
  <frame idx="725" w="317" h="185" x="-42.187717" y="24.500000">
   <element name="swap_spear_float" layername="swap_spear_float" frame="0" z_index="4" m_a="1.013327" m_b="0.000000" m_c="0.000000" m_d="0.977766" m_tx="-8.899000" m_ty="43.792648"/>
   <element name="swap_lollipop_float" layername="swap_lollipop_float" frame="0" z_index="3" m_a="1.000000" m_b="0.000000" m_c="0.000000" m_d="1.000000" m_tx="-106.000000" m_ty="-60.000000"/>
  </frame>
  <frame idx="750" w="317" h="185" x="-42.182613" y="24.500000">
   <element name="swap_spear_float" layername="swap_spear_float" frame="0" z_index="4" m_a="1.012565" m_b="0.000000" m_c="0.000000" m_d="0.979024" m_tx="-8.899000" m_ty="43.603031"/>
   <element name="swap_lollipop_float" layername="swap_lollipop_float" frame="0" z_index="3" m_a="1.000000" m_b="0.000000" m_c="0.000000" m_d="1.000000" m_tx="-106.000000" m_ty="-60.000000"/>
  </frame>
  <frame idx="775" w="317" h="185" x="-42.177452" y="24.500000">
   <element name="swap_spear_float" layername="swap_spear_float" frame="0" z_index="4" m_a="1.011795" m_b="0.000000" m_c="0.000000" m_d="0.980300" m_tx="-8.899000" m_ty="43.415154"/>
   <element name="swap_lollipop_float" layername="swap_lollipop_float" frame="0" z_index="3" m_a="1.000000" m_b="0.000000" m_c="0.000000" m_d="1.000000" m_tx="-106.000000" m_ty="-60.000000"/>
  </frame>
  <frame idx="800" w="316" h="185" x="-42.172325" y="24.500000">
   <element name="swap_spear_float" layername="swap_spear_float" frame="0" z_index="4" m_a="1.011030" m_b="0.000000" m_c="0.000000" m_d="0.981583" m_tx="-8.899000" m_ty="43.150002"/>
   <element name="swap_lollipop_float" layername="swap_lollipop_float" frame="0" z_index="3" m_a="1.000000" m_b="0.000000" m_c="0.000000" m_d="1.000000" m_tx="-106.000000" m_ty="-60.000000"/>
  </frame>
  <frame idx="825" w="316" h="185" x="-42.167450" y="24.500000">
   <element name="swap_spear_float" layername="swap_spear_float" frame="0" z_index="4" m_a="1.010302" m_b="0.000000" m_c="0.000000" m_d="0.982806" m_tx="-8.899000" m_ty="42.929413"/>
   <element name="swap_lollipop_float" layername="swap_lollipop_float" frame="0" z_index="3" m_a="1.000000" m_b="0.000000" m_c="0.000000" m_d="1.000000" m_tx="-106.000000" m_ty="-60.000000"/>
  </frame>
  <frame idx="850" w="316" h="185" x="-42.162415" y="24.500000">
   <element name="swap_spear_float" layername="swap_spear_float" frame="0" z_index="4" m_a="1.009550" m_b="0.000000" m_c="0.000000" m_d="0.984060" m_tx="-8.899000" m_ty="42.704544"/>
   <element name="swap_lollipop_float" layername="swap_lollipop_float" frame="0" z_index="3" m_a="1.000000" m_b="0.000000" m_c="0.000000" m_d="1.000000" m_tx="-106.000000" m_ty="-60.000000"/>
  </frame>
  <frame idx="875" w="316" h="185" x="-42.157303" y="24.500000">
   <element name="swap_spear_float" layername="swap_spear_float" frame="0" z_index="4" m_a="1.008788" m_b="0.000000" m_c="0.000000" m_d="0.985327" m_tx="-8.899000" m_ty="42.477272"/>
   <element name="swap_lollipop_float" layername="swap_lollipop_float" frame="0" z_index="3" m_a="1.000000" m_b="0.000000" m_c="0.000000" m_d="1.000000" m_tx="-106.000000" m_ty="-60.000000"/>
  </frame>
  <frame idx="900" w="316" h="185" x="-42.152229" y="24.500000">
   <element name="swap_spear_float" layername="swap_spear_float" frame="0" z_index="4" m_a="1.008030" m_b="0.000000" m_c="0.000000" m_d="0.986588" m_tx="-8.899000" m_ty="42.250000"/>
   <element name="swap_lollipop_float" layername="swap_lollipop_float" frame="0" z_index="3" m_a="1.000000" m_b="0.000000" m_c="0.000000" m_d="1.000000" m_tx="-106.000000" m_ty="-60.000000"/>
  </frame>
  <frame idx="925" w="315" h="185" x="-42.147255" y="24.500000">
   <element name="swap_spear_float" layername="swap_spear_float" frame="0" z_index="4" m_a="1.007287" m_b="0.000000" m_c="0.000000" m_d="0.987822" m_tx="-8.899000" m_ty="42.029411"/>
   <element name="swap_lollipop_float" layername="swap_lollipop_float" frame="0" z_index="3" m_a="1.000000" m_b="0.000000" m_c="0.000000" m_d="1.000000" m_tx="-106.000000" m_ty="-60.000000"/>
  </frame>
  <frame idx="950" w="315" h="185" x="-42.142246" y="24.500000">
   <element name="swap_spear_float" layername="swap_spear_float" frame="0" z_index="4" m_a="1.006540" m_b="0.000000" m_c="0.000000" m_d="0.989087" m_tx="-8.899000" m_ty="41.804546"/>
   <element name="swap_lollipop_float" layername="swap_lollipop_float" frame="0" z_index="3" m_a="1.000000" m_b="0.000000" m_c="0.000000" m_d="1.000000" m_tx="-106.000000" m_ty="-60.000000"/>
  </frame>
  <frame idx="975" w="315" h="185" x="-42.137192" y="24.500000">
   <element name="swap_spear_float" layername="swap_spear_float" frame="0" z_index="4" m_a="1.005785" m_b="0.000000" m_c="0.000000" m_d="0.990363" m_tx="-8.899000" m_ty="41.589394"/>
   <element name="swap_lollipop_float" layername="swap_lollipop_float" frame="0" z_index="3" m_a="1.000000" m_b="0.000000" m_c="0.000000" m_d="1.000000" m_tx="-106.000000" m_ty="-60.000000"/>
  </frame>
  <frame idx="1000" w="315" h="185" x="-42.132065" y="24.500000">
   <element name="swap_spear_float" layername="swap_spear_float" frame="0" z_index="4" m_a="1.005020" m_b="0.000000" m_c="0.000000" m_d="0.991623" m_tx="-8.899000" m_ty="41.400002"/>
   <element name="swap_lollipop_float" layername="swap_lollipop_float" frame="0" z_index="3" m_a="1.000000" m_b="0.000000" m_c="0.000000" m_d="1.000000" m_tx="-106.000000" m_ty="-60.000000"/>
  </frame>
  <frame idx="1025" w="315" h="185" x="-42.127186" y="24.500000">
   <element name="swap_spear_float" layername="swap_spear_float" frame="0" z_index="4" m_a="1.004292" m_b="0.000000" m_c="0.000000" m_d="0.992857" m_tx="-8.899000" m_ty="41.179413"/>
   <element name="swap_lollipop_float" layername="swap_lollipop_float" frame="0" z_index="3" m_a="1.000000" m_b="0.000000" m_c="0.000000" m_d="1.000000" m_tx="-106.000000" m_ty="-60.000000"/>
  </frame>
  <frame idx="1050" w="314" h="185" x="-42.122150" y="24.500000">
   <element name="swap_spear_float" layername="swap_spear_float" frame="0" z_index="4" m_a="1.003540" m_b="0.000000" m_c="0.000000" m_d="0.994115" m_tx="-8.899000" m_ty="40.978786"/>
   <element name="swap_lollipop_float" layername="swap_lollipop_float" frame="0" z_index="3" m_a="1.000000" m_b="0.000000" m_c="0.000000" m_d="1.000000" m_tx="-106.000000" m_ty="-60.000000"/>
  </frame>
  <frame idx="1075" w="314" h="185" x="-42.117023" y="24.500000">
   <element name="swap_spear_float" layername="swap_spear_float" frame="0" z_index="4" m_a="1.002775" m_b="0.000000" m_c="0.000000" m_d="0.995387" m_tx="-8.899000" m_ty="40.765152"/>
   <element name="swap_lollipop_float" layername="swap_lollipop_float" frame="0" z_index="3" m_a="1.000000" m_b="0.000000" m_c="0.000000" m_d="1.000000" m_tx="-106.000000" m_ty="-60.000000"/>
  </frame>
  <frame idx="1100" w="314" h="185" x="-42.111900" y="24.500000">
   <element name="swap_spear_float" layername="swap_spear_float" frame="0" z_index="4" m_a="1.002010" m_b="0.000000" m_c="0.000000" m_d="0.996658" m_tx="-8.899000" m_ty="40.500000"/>
   <element name="swap_lollipop_float" layername="swap_lollipop_float" frame="0" z_index="3" m_a="1.000000" m_b="0.000000" m_c="0.000000" m_d="1.000000" m_tx="-106.000000" m_ty="-60.000000"/>
  </frame>
  <frame idx="1125" w="314" h="185" x="-42.106972" y="24.500000">
   <element name="swap_spear_float" layername="swap_spear_float" frame="0" z_index="4" m_a="1.001275" m_b="0.000000" m_c="0.000000" m_d="0.997882" m_tx="-8.899000" m_ty="40.316177"/>
   <element name="swap_lollipop_float" layername="swap_lollipop_float" frame="0" z_index="3" m_a="1.000000" m_b="0.000000" m_c="0.000000" m_d="1.000000" m_tx="-106.000000" m_ty="-60.000000"/>
  </frame>
  <frame idx="1150" w="314" h="185" x="-42.101917" y="24.500000">
   <element name="swap_spear_float" layername="swap_spear_float" frame="0" z_index="4" m_a="1.000520" m_b="0.000000" m_c="0.000000" m_d="0.999136" m_tx="-8.899000" m_ty="40.080303"/>
   <element name="swap_lollipop_float" layername="swap_lollipop_float" frame="0" z_index="3" m_a="1.000000" m_b="0.000000" m_c="0.000000" m_d="1.000000" m_tx="-106.000000" m_ty="-60.000000"/>
  </frame>
  <frame idx="1175" w="312" h="185" x="-41.598434" y="24.500000">
   <element name="swap_spear_float" layername="swap_spear_float" frame="0" z_index="4" m_a="1.000000" m_b="0.000000" m_c="0.000000" m_d="1.000000" m_tx="-8.899000" m_ty="39.900002"/>
   <element name="swap_lollipop_float" layername="swap_lollipop_float" frame="0" z_index="3" m_a="1.000000" m_b="0.000000" m_c="0.000000" m_d="1.000000" m_tx="-106.000000" m_ty="-60.000000"/>
  </frame>
 </anim>
</Anims>
