<Anims>
 <anim name="idle" root="flask" numframes="150" framerate="40">
  <frame idx="0" w="351" h="245" x="-11.500000" y="-38.500000">
   <element name="flask01" layername="flas" frame="0" z_index="1" m_a="1.000000" m_b="0.000000" m_c="0.000000" m_d="1.000000" m_tx="-128.000000" m_ty="-102.000000"/>
  </frame>
  <frame idx="25" w="351" h="245" x="-11.500000" y="-38.500000">
   <element name="flask01" layername="flas" frame="0" z_index="1" m_a="1.000000" m_b="0.000000" m_c="0.000000" m_d="1.000000" m_tx="-128.000000" m_ty="-102.000000"/>
  </frame>
  <frame idx="50" w="351" h="245" x="-11.500000" y="-38.500000">
   <element name="flask01" layername="flas" frame="0" z_index="1" m_a="1.000000" m_b="0.000000" m_c="0.000000" m_d="1.000000" m_tx="-128.000000" m_ty="-102.000000"/>
  </frame>
  <frame idx="75" w="351" h="245" x="-11.500000" y="-38.500000">
   <element name="flask01" layername="flas" frame="0" z_index="1" m_a="1.000000" m_b="0.000000" m_c="0.000000" m_d="1.000000" m_tx="-128.000000" m_ty="-102.000000"/>
  </frame>
  <frame idx="100" w="351" h="245" x="-11.500000" y="-38.500000">
   <element name="flask01" layername="flas" frame="0" z_index="1" m_a="1.000000" m_b="0.000000" m_c="0.000000" m_d="1.000000" m_tx="-128.000000" m_ty="-102.000000"/>
  </frame>
  <frame idx="125" w="351" h="245" x="-11.500000" y="-38.500000">
   <element name="flask01" layername="flas" frame="0" z_index="1" m_a="1.000000" m_b="0.000000" m_c="0.000000" m_d="1.000000" m_tx="-128.000000" m_ty="-102.000000"/>
  </frame>
 </anim>
</Anims>
