<Anims>
 <anim name="idle" root="flask" numframes="150" framerate="40">
  <frame idx="0" w="351" h="251" x="-25.500000" y="-58.000000">
   <element name="flask01" layername="flas" frame="0" z_index="2" m_a="1.000000" m_b="0.000000" m_c="0.000000" m_d="1.000000" m_tx="-142.000000" m_ty="-121.000000"/>
  </frame>
  <frame idx="25" w="351" h="251" x="-25.500000" y="-58.000000">
   <element name="flask01" layername="flas" frame="0" z_index="2" m_a="1.000000" m_b="0.000000" m_c="0.000000" m_d="1.000000" m_tx="-142.000000" m_ty="-121.000000"/>
  </frame>
  <frame idx="50" w="351" h="251" x="-25.500000" y="-58.000000">
   <element name="flask01" layername="flas" frame="0" z_index="2" m_a="1.000000" m_b="0.000000" m_c="0.000000" m_d="1.000000" m_tx="-142.000000" m_ty="-121.000000"/>
  </frame>
  <frame idx="75" w="351" h="251" x="-25.500000" y="-58.000000">
   <element name="flask01" layername="flas" frame="0" z_index="2" m_a="1.000000" m_b="0.000000" m_c="0.000000" m_d="1.000000" m_tx="-142.000000" m_ty="-121.000000"/>
  </frame>
  <frame idx="100" w="351" h="251" x="-25.500000" y="-58.000000">
   <element name="flask01" layername="flas" frame="0" z_index="2" m_a="1.000000" m_b="0.000000" m_c="0.000000" m_d="1.000000" m_tx="-142.000000" m_ty="-121.000000"/>
  </frame>
  <frame idx="125" w="351" h="251" x="-25.500000" y="-58.000000">
   <element name="flask01" layername="flas" frame="0" z_index="2" m_a="1.000000" m_b="0.000000" m_c="0.000000" m_d="1.000000" m_tx="-142.000000" m_ty="-121.000000"/>
  </frame>
 </anim>
 <anim name="idle_water" root="flask" numframes="1200" framerate="40">
  <frame idx="0" w="351" h="225" x="-32.500000" y="-53.000000">
   <element name="flask01" layername="flas" frame="1" z_index="2" m_a="1.000000" m_b="0.000000" m_c="0.000000" m_d="1.000000" m_tx="-149.000000" m_ty="-112.000000"/>
  </frame>
  <frame idx="25" w="351" h="225" x="-32.500000" y="-52.668388">
   <element name="flask01" layername="flas" frame="1" z_index="2" m_a="1.000000" m_b="0.000000" m_c="0.000000" m_d="0.996349" m_tx="-149.000000" m_ty="-111.383629"/>
  </frame>
  <frame idx="50" w="351" h="224" x="-32.500000" y="-52.336781">
   <element name="flask01" layername="flas" frame="1" z_index="2" m_a="1.000000" m_b="0.000000" m_c="0.000000" m_d="0.992698" m_tx="-149.000000" m_ty="-110.767258"/>
  </frame>
  <frame idx="75" w="351" h="223" x="-32.500000" y="-52.005177">
   <element name="flask01" layername="flas" frame="1" z_index="2" m_a="1.000000" m_b="0.000000" m_c="0.000000" m_d="0.989048" m_tx="-149.000000" m_ty="-110.150894"/>
  </frame>
  <frame idx="100" w="351" h="221" x="-32.500000" y="-51.173573">
   <element name="flask01" layername="flas" frame="1" z_index="2" m_a="1.000000" m_b="0.000000" m_c="0.000000" m_d="0.985397" m_tx="-149.000000" m_ty="-109.534523"/>
  </frame>
  <frame idx="125" w="351" h="220" x="-32.500000" y="-50.841961">
   <element name="flask01" layername="flas" frame="1" z_index="2" m_a="1.000000" m_b="0.000000" m_c="0.000000" m_d="0.981746" m_tx="-149.000000" m_ty="-108.918152"/>
  </frame>
  <frame idx="150" w="351" h="219" x="-32.500000" y="-50.510353">
   <element name="flask01" layername="flas" frame="1" z_index="2" m_a="1.000000" m_b="0.000000" m_c="0.000000" m_d="0.978095" m_tx="-149.000000" m_ty="-108.301781"/>
  </frame>
  <frame idx="175" w="351" h="218" x="-32.500000" y="-50.178749">
   <element name="flask01" layername="flas" frame="1" z_index="2" m_a="1.000000" m_b="0.000000" m_c="0.000000" m_d="0.974444" m_tx="-149.000000" m_ty="-107.685417"/>
  </frame>
  <frame idx="200" w="351" h="217" x="-32.500000" y="-49.847137">
   <element name="flask01" layername="flas" frame="1" z_index="2" m_a="1.000000" m_b="0.000000" m_c="0.000000" m_d="0.970794" m_tx="-149.000000" m_ty="-107.069046"/>
  </frame>
  <frame idx="225" w="351" h="215" x="-32.500000" y="-49.015530">
   <element name="flask01" layername="flas" frame="1" z_index="2" m_a="1.000000" m_b="0.000000" m_c="0.000000" m_d="0.967143" m_tx="-149.000000" m_ty="-106.452675"/>
  </frame>
  <frame idx="250" w="351" h="214" x="-32.500000" y="-48.683922">
   <element name="flask01" layername="flas" frame="1" z_index="2" m_a="1.000000" m_b="0.000000" m_c="0.000000" m_d="0.963492" m_tx="-149.000000" m_ty="-105.836304"/>
  </frame>
  <frame idx="275" w="351" h="214" x="-32.500000" y="-48.352318">
   <element name="flask01" layername="flas" frame="1" z_index="2" m_a="1.000000" m_b="0.000000" m_c="0.000000" m_d="0.959841" m_tx="-149.000000" m_ty="-105.219940"/>
  </frame>
  <frame idx="300" w="351" h="213" x="-32.500000" y="-48.020714">
   <element name="flask01" layername="flas" frame="1" z_index="2" m_a="1.000000" m_b="0.000000" m_c="0.000000" m_d="0.956190" m_tx="-149.000000" m_ty="-104.603569"/>
  </frame>
  <frame idx="325" w="351" h="212" x="-32.500000" y="-47.689102">
   <element name="flask01" layername="flas" frame="1" z_index="2" m_a="1.000000" m_b="0.000000" m_c="0.000000" m_d="0.952540" m_tx="-149.000000" m_ty="-103.987198"/>
  </frame>
  <frame idx="350" w="351" h="211" x="-32.500000" y="-47.357491">
   <element name="flask01" layername="flas" frame="1" z_index="2" m_a="1.000000" m_b="0.000000" m_c="0.000000" m_d="0.948889" m_tx="-149.000000" m_ty="-103.370827"/>
  </frame>
  <frame idx="375" w="351" h="209" x="-32.500000" y="-46.525890">
   <element name="flask01" layername="flas" frame="1" z_index="2" m_a="1.000000" m_b="0.000000" m_c="0.000000" m_d="0.945238" m_tx="-149.000000" m_ty="-102.754463"/>
  </frame>
  <frame idx="400" w="351" h="208" x="-32.500000" y="-46.194283">
   <element name="flask01" layername="flas" frame="1" z_index="2" m_a="1.000000" m_b="0.000000" m_c="0.000000" m_d="0.941587" m_tx="-149.000000" m_ty="-102.138092"/>
  </frame>
  <frame idx="425" w="351" h="207" x="-32.500000" y="-45.862671">
   <element name="flask01" layername="flas" frame="1" z_index="2" m_a="1.000000" m_b="0.000000" m_c="0.000000" m_d="0.937937" m_tx="-149.000000" m_ty="-101.521721"/>
  </frame>
  <frame idx="450" w="351" h="206" x="-32.500000" y="-45.531059">
   <element name="flask01" layername="flas" frame="1" z_index="2" m_a="1.000000" m_b="0.000000" m_c="0.000000" m_d="0.934286" m_tx="-149.000000" m_ty="-100.905350"/>
  </frame>
  <frame idx="475" w="351" h="205" x="-32.500000" y="-45.199463">
   <element name="flask01" layername="flas" frame="1" z_index="2" m_a="1.000000" m_b="0.000000" m_c="0.000000" m_d="0.930635" m_tx="-149.000000" m_ty="-100.288986"/>
  </frame>
  <frame idx="500" w="351" h="203" x="-32.500000" y="-44.367851">
   <element name="flask01" layername="flas" frame="1" z_index="2" m_a="1.000000" m_b="0.000000" m_c="0.000000" m_d="0.926984" m_tx="-149.000000" m_ty="-99.672615"/>
  </frame>
  <frame idx="525" w="351" h="203" x="-32.500000" y="-44.036243">
   <element name="flask01" layername="flas" frame="1" z_index="2" m_a="1.000000" m_b="0.000000" m_c="0.000000" m_d="0.923333" m_tx="-149.000000" m_ty="-99.056244"/>
  </frame>
  <frame idx="550" w="351" h="202" x="-32.500000" y="-43.704636">
   <element name="flask01" layername="flas" frame="1" z_index="2" m_a="1.000000" m_b="0.000000" m_c="0.000000" m_d="0.919683" m_tx="-149.000000" m_ty="-98.439873"/>
  </frame>
  <frame idx="575" w="351" h="201" x="-32.500000" y="-43.574196">
   <element name="flask01" layername="flas" frame="1" z_index="2" m_a="1.000000" m_b="0.000000" m_c="0.000000" m_d="0.918246" m_tx="-149.000000" m_ty="-98.197418"/>
  </frame>
  <frame idx="600" w="351" h="202" x="-32.500000" y="-43.871223">
   <element name="flask01" layername="flas" frame="1" z_index="2" m_a="1.000000" m_b="0.000000" m_c="0.000000" m_d="0.921517" m_tx="-149.000000" m_ty="-98.749519"/>
  </frame>
  <frame idx="625" w="351" h="203" x="-32.500000" y="-44.168255">
   <element name="flask01" layername="flas" frame="1" z_index="2" m_a="1.000000" m_b="0.000000" m_c="0.000000" m_d="0.924787" m_tx="-149.000000" m_ty="-99.301620"/>
  </frame>
  <frame idx="650" w="351" h="205" x="-32.500000" y="-44.965294">
   <element name="flask01" layername="flas" frame="1" z_index="2" m_a="1.000000" m_b="0.000000" m_c="0.000000" m_d="0.928057" m_tx="-149.000000" m_ty="-99.853729"/>
  </frame>
  <frame idx="675" w="351" h="206" x="-32.500000" y="-45.262321">
   <element name="flask01" layername="flas" frame="1" z_index="2" m_a="1.000000" m_b="0.000000" m_c="0.000000" m_d="0.931327" m_tx="-149.000000" m_ty="-100.405830"/>
  </frame>
  <frame idx="700" w="351" h="206" x="-32.500000" y="-45.559349">
   <element name="flask01" layername="flas" frame="1" z_index="2" m_a="1.000000" m_b="0.000000" m_c="0.000000" m_d="0.934597" m_tx="-149.000000" m_ty="-100.957932"/>
  </frame>
  <frame idx="725" w="351" h="207" x="-32.500000" y="-45.856388">
   <element name="flask01" layername="flas" frame="1" z_index="2" m_a="1.000000" m_b="0.000000" m_c="0.000000" m_d="0.937867" m_tx="-149.000000" m_ty="-101.510040"/>
  </frame>
  <frame idx="750" w="351" h="208" x="-32.500000" y="-46.153419">
   <element name="flask01" layername="flas" frame="1" z_index="2" m_a="1.000000" m_b="0.000000" m_c="0.000000" m_d="0.941137" m_tx="-149.000000" m_ty="-102.062141"/>
  </frame>
  <frame idx="775" w="351" h="209" x="-32.500000" y="-46.450451">
   <element name="flask01" layername="flas" frame="1" z_index="2" m_a="1.000000" m_b="0.000000" m_c="0.000000" m_d="0.944408" m_tx="-149.000000" m_ty="-102.614243"/>
  </frame>
  <frame idx="800" w="351" h="211" x="-32.500000" y="-47.247482">
   <element name="flask01" layername="flas" frame="1" z_index="2" m_a="1.000000" m_b="0.000000" m_c="0.000000" m_d="0.947678" m_tx="-149.000000" m_ty="-103.166344"/>
  </frame>
  <frame idx="825" w="351" h="211" x="-32.500000" y="-47.544518">
   <element name="flask01" layername="flas" frame="1" z_index="2" m_a="1.000000" m_b="0.000000" m_c="0.000000" m_d="0.950948" m_tx="-149.000000" m_ty="-103.718452"/>
  </frame>
  <frame idx="850" w="351" h="212" x="-32.500000" y="-47.841545">
   <element name="flask01" layername="flas" frame="1" z_index="2" m_a="1.000000" m_b="0.000000" m_c="0.000000" m_d="0.954218" m_tx="-149.000000" m_ty="-104.270554"/>
  </frame>
  <frame idx="875" w="351" h="213" x="-32.500000" y="-48.138577">
   <element name="flask01" layername="flas" frame="1" z_index="2" m_a="1.000000" m_b="0.000000" m_c="0.000000" m_d="0.957488" m_tx="-149.000000" m_ty="-104.822655"/>
  </frame>
  <frame idx="900" w="351" h="214" x="-32.500000" y="-48.435616">
   <element name="flask01" layername="flas" frame="1" z_index="2" m_a="1.000000" m_b="0.000000" m_c="0.000000" m_d="0.960758" m_tx="-149.000000" m_ty="-105.374763"/>
  </frame>
  <frame idx="925" w="351" h="215" x="-32.500000" y="-48.732643">
   <element name="flask01" layername="flas" frame="1" z_index="2" m_a="1.000000" m_b="0.000000" m_c="0.000000" m_d="0.964028" m_tx="-149.000000" m_ty="-105.926865"/>
  </frame>
  <frame idx="950" w="351" h="215" x="-32.500000" y="-49.029678">
   <element name="flask01" layername="flas" frame="1" z_index="2" m_a="1.000000" m_b="0.000000" m_c="0.000000" m_d="0.967299" m_tx="-149.000000" m_ty="-106.478966"/>
  </frame>
  <frame idx="975" w="351" h="217" x="-32.500000" y="-49.826706">
   <element name="flask01" layername="flas" frame="1" z_index="2" m_a="1.000000" m_b="0.000000" m_c="0.000000" m_d="0.970569" m_tx="-149.000000" m_ty="-107.031067"/>
  </frame>
  <frame idx="1000" w="351" h="218" x="-32.500000" y="-50.123745">
   <element name="flask01" layername="flas" frame="1" z_index="2" m_a="1.000000" m_b="0.000000" m_c="0.000000" m_d="0.973839" m_tx="-149.000000" m_ty="-107.583176"/>
  </frame>
  <frame idx="1025" w="351" h="219" x="-32.500000" y="-50.420776">
   <element name="flask01" layername="flas" frame="1" z_index="2" m_a="1.000000" m_b="0.000000" m_c="0.000000" m_d="0.977109" m_tx="-149.000000" m_ty="-108.135277"/>
  </frame>
  <frame idx="1050" w="351" h="220" x="-32.500000" y="-50.717804">
   <element name="flask01" layername="flas" frame="1" z_index="2" m_a="1.000000" m_b="0.000000" m_c="0.000000" m_d="0.980379" m_tx="-149.000000" m_ty="-108.687378"/>
  </frame>
  <frame idx="1075" w="351" h="220" x="-32.500000" y="-51.014839">
   <element name="flask01" layername="flas" frame="1" z_index="2" m_a="1.000000" m_b="0.000000" m_c="0.000000" m_d="0.983649" m_tx="-149.000000" m_ty="-109.239487"/>
  </frame>
  <frame idx="1100" w="351" h="221" x="-32.500000" y="-51.311871">
   <element name="flask01" layername="flas" frame="1" z_index="2" m_a="1.000000" m_b="0.000000" m_c="0.000000" m_d="0.986919" m_tx="-149.000000" m_ty="-109.791588"/>
  </frame>
  <frame idx="1125" w="351" h="223" x="-32.500000" y="-52.108902">
   <element name="flask01" layername="flas" frame="1" z_index="2" m_a="1.000000" m_b="0.000000" m_c="0.000000" m_d="0.990190" m_tx="-149.000000" m_ty="-110.343689"/>
  </frame>
  <frame idx="1150" w="351" h="224" x="-32.500000" y="-52.405933">
   <element name="flask01" layername="flas" frame="1" z_index="2" m_a="1.000000" m_b="0.000000" m_c="0.000000" m_d="0.993460" m_tx="-149.000000" m_ty="-110.895790"/>
  </frame>
  <frame idx="1175" w="351" h="225" x="-32.500000" y="-52.702972">
   <element name="flask01" layername="flas" frame="1" z_index="2" m_a="1.000000" m_b="0.000000" m_c="0.000000" m_d="0.996730" m_tx="-149.000000" m_ty="-111.447899"/>
  </frame>
 </anim>
</Anims>
