<Anims>
 <anim name="idle" root="flask" numframes="150" framerate="40">
  <frame idx="0" w="322" h="185" x="-11.000000" y="-45.500000">
   <element name="flask01" layername="flas" frame="0" z_index="2" m_a="1.000000" m_b="0.000000" m_c="0.000000" m_d="1.000000" m_tx="-142.000000" m_ty="-121.000000"/>
  </frame>
  <frame idx="25" w="322" h="185" x="-11.000000" y="-45.500000">
   <element name="flask01" layername="flas" frame="0" z_index="2" m_a="1.000000" m_b="0.000000" m_c="0.000000" m_d="1.000000" m_tx="-142.000000" m_ty="-121.000000"/>
  </frame>
  <frame idx="50" w="322" h="185" x="-11.000000" y="-45.500000">
   <element name="flask01" layername="flas" frame="0" z_index="2" m_a="1.000000" m_b="0.000000" m_c="0.000000" m_d="1.000000" m_tx="-142.000000" m_ty="-121.000000"/>
  </frame>
  <frame idx="75" w="322" h="185" x="-11.000000" y="-45.500000">
   <element name="flask01" layername="flas" frame="0" z_index="2" m_a="1.000000" m_b="0.000000" m_c="0.000000" m_d="1.000000" m_tx="-142.000000" m_ty="-121.000000"/>
  </frame>
  <frame idx="100" w="322" h="185" x="-11.000000" y="-45.500000">
   <element name="flask01" layername="flas" frame="0" z_index="2" m_a="1.000000" m_b="0.000000" m_c="0.000000" m_d="1.000000" m_tx="-142.000000" m_ty="-121.000000"/>
  </frame>
  <frame idx="125" w="322" h="185" x="-11.000000" y="-45.500000">
   <element name="flask01" layername="flas" frame="0" z_index="2" m_a="1.000000" m_b="0.000000" m_c="0.000000" m_d="1.000000" m_tx="-142.000000" m_ty="-121.000000"/>
  </frame>
 </anim>
 <anim name="idle_water" root="flask" numframes="1200" framerate="40">
  <frame idx="0" w="322" h="172" x="-18.000000" y="-42.000000">
   <element name="flask01" layername="flas" frame="1" z_index="2" m_a="1.000000" m_b="0.000000" m_c="0.000000" m_d="1.000000" m_tx="-149.000000" m_ty="-112.000000"/>
  </frame>
  <frame idx="25" w="322" h="172" x="-18.000000" y="-41.383629">
   <element name="flask01" layername="flas" frame="1" z_index="2" m_a="1.000000" m_b="0.000000" m_c="0.000000" m_d="0.996349" m_tx="-149.000000" m_ty="-111.383629"/>
  </frame>
  <frame idx="50" w="322" h="171" x="-18.000000" y="-41.267258">
   <element name="flask01" layername="flas" frame="1" z_index="2" m_a="1.000000" m_b="0.000000" m_c="0.000000" m_d="0.992698" m_tx="-149.000000" m_ty="-110.767258"/>
  </frame>
  <frame idx="75" w="322" h="171" x="-18.000000" y="-40.650894">
   <element name="flask01" layername="flas" frame="1" z_index="2" m_a="1.000000" m_b="0.000000" m_c="0.000000" m_d="0.989048" m_tx="-149.000000" m_ty="-110.150894"/>
  </frame>
  <frame idx="100" w="322" h="170" x="-18.000000" y="-40.534523">
   <element name="flask01" layername="flas" frame="1" z_index="2" m_a="1.000000" m_b="0.000000" m_c="0.000000" m_d="0.985397" m_tx="-149.000000" m_ty="-109.534523"/>
  </frame>
  <frame idx="125" w="322" h="170" x="-18.000000" y="-39.918152">
   <element name="flask01" layername="flas" frame="1" z_index="2" m_a="1.000000" m_b="0.000000" m_c="0.000000" m_d="0.981746" m_tx="-149.000000" m_ty="-108.918152"/>
  </frame>
  <frame idx="150" w="322" h="169" x="-18.000000" y="-39.801781">
   <element name="flask01" layername="flas" frame="1" z_index="2" m_a="1.000000" m_b="0.000000" m_c="0.000000" m_d="0.978095" m_tx="-149.000000" m_ty="-108.301781"/>
  </frame>
  <frame idx="175" w="322" h="169" x="-18.000000" y="-39.185417">
   <element name="flask01" layername="flas" frame="1" z_index="2" m_a="1.000000" m_b="0.000000" m_c="0.000000" m_d="0.974444" m_tx="-149.000000" m_ty="-107.685417"/>
  </frame>
  <frame idx="200" w="322" h="168" x="-18.000000" y="-39.069046">
   <element name="flask01" layername="flas" frame="1" z_index="2" m_a="1.000000" m_b="0.000000" m_c="0.000000" m_d="0.970794" m_tx="-149.000000" m_ty="-107.069046"/>
  </frame>
  <frame idx="225" w="322" h="167" x="-18.000000" y="-38.952675">
   <element name="flask01" layername="flas" frame="1" z_index="2" m_a="1.000000" m_b="0.000000" m_c="0.000000" m_d="0.967143" m_tx="-149.000000" m_ty="-106.452675"/>
  </frame>
  <frame idx="250" w="322" h="167" x="-18.000000" y="-38.336304">
   <element name="flask01" layername="flas" frame="1" z_index="2" m_a="1.000000" m_b="0.000000" m_c="0.000000" m_d="0.963492" m_tx="-149.000000" m_ty="-105.836304"/>
  </frame>
  <frame idx="275" w="322" h="165" x="-18.000000" y="-37.719940">
   <element name="flask01" layername="flas" frame="1" z_index="2" m_a="1.000000" m_b="0.000000" m_c="0.000000" m_d="0.959841" m_tx="-149.000000" m_ty="-105.219940"/>
  </frame>
  <frame idx="300" w="322" h="165" x="-18.000000" y="-37.103569">
   <element name="flask01" layername="flas" frame="1" z_index="2" m_a="1.000000" m_b="0.000000" m_c="0.000000" m_d="0.956190" m_tx="-149.000000" m_ty="-104.603569"/>
  </frame>
  <frame idx="325" w="322" h="164" x="-18.000000" y="-36.987198">
   <element name="flask01" layername="flas" frame="1" z_index="2" m_a="1.000000" m_b="0.000000" m_c="0.000000" m_d="0.952540" m_tx="-149.000000" m_ty="-103.987198"/>
  </frame>
  <frame idx="350" w="322" h="164" x="-18.000000" y="-36.370827">
   <element name="flask01" layername="flas" frame="1" z_index="2" m_a="1.000000" m_b="0.000000" m_c="0.000000" m_d="0.948889" m_tx="-149.000000" m_ty="-103.370827"/>
  </frame>
  <frame idx="375" w="322" h="163" x="-18.000000" y="-36.254463">
   <element name="flask01" layername="flas" frame="1" z_index="2" m_a="1.000000" m_b="0.000000" m_c="0.000000" m_d="0.945238" m_tx="-149.000000" m_ty="-102.754463"/>
  </frame>
  <frame idx="400" w="322" h="162" x="-18.000000" y="-36.138092">
   <element name="flask01" layername="flas" frame="1" z_index="2" m_a="1.000000" m_b="0.000000" m_c="0.000000" m_d="0.941587" m_tx="-149.000000" m_ty="-102.138092"/>
  </frame>
  <frame idx="425" w="322" h="162" x="-18.000000" y="-35.521721">
   <element name="flask01" layername="flas" frame="1" z_index="2" m_a="1.000000" m_b="0.000000" m_c="0.000000" m_d="0.937937" m_tx="-149.000000" m_ty="-101.521721"/>
  </frame>
  <frame idx="450" w="322" h="161" x="-18.000000" y="-35.405350">
   <element name="flask01" layername="flas" frame="1" z_index="2" m_a="1.000000" m_b="0.000000" m_c="0.000000" m_d="0.934286" m_tx="-149.000000" m_ty="-100.905350"/>
  </frame>
  <frame idx="475" w="322" h="161" x="-18.000000" y="-34.788986">
   <element name="flask01" layername="flas" frame="1" z_index="2" m_a="1.000000" m_b="0.000000" m_c="0.000000" m_d="0.930635" m_tx="-149.000000" m_ty="-100.288986"/>
  </frame>
  <frame idx="500" w="322" h="160" x="-18.000000" y="-34.672615">
   <element name="flask01" layername="flas" frame="1" z_index="2" m_a="1.000000" m_b="0.000000" m_c="0.000000" m_d="0.926984" m_tx="-149.000000" m_ty="-99.672615"/>
  </frame>
  <frame idx="525" w="322" h="160" x="-18.000000" y="-34.056244">
   <element name="flask01" layername="flas" frame="1" z_index="2" m_a="1.000000" m_b="0.000000" m_c="0.000000" m_d="0.923333" m_tx="-149.000000" m_ty="-99.056244"/>
  </frame>
  <frame idx="550" w="322" h="159" x="-18.000000" y="-33.939873">
   <element name="flask01" layername="flas" frame="1" z_index="2" m_a="1.000000" m_b="0.000000" m_c="0.000000" m_d="0.919683" m_tx="-149.000000" m_ty="-98.439873"/>
  </frame>
  <frame idx="575" w="322" h="159" x="-18.000000" y="-33.697418">
   <element name="flask01" layername="flas" frame="1" z_index="2" m_a="1.000000" m_b="0.000000" m_c="0.000000" m_d="0.918246" m_tx="-149.000000" m_ty="-98.197418"/>
  </frame>
  <frame idx="600" w="322" h="159" x="-18.000000" y="-34.249519">
   <element name="flask01" layername="flas" frame="1" z_index="2" m_a="1.000000" m_b="0.000000" m_c="0.000000" m_d="0.921517" m_tx="-149.000000" m_ty="-98.749519"/>
  </frame>
  <frame idx="625" w="322" h="160" x="-18.000000" y="-34.301620">
   <element name="flask01" layername="flas" frame="1" z_index="2" m_a="1.000000" m_b="0.000000" m_c="0.000000" m_d="0.924787" m_tx="-149.000000" m_ty="-99.301620"/>
  </frame>
  <frame idx="650" w="322" h="160" x="-18.000000" y="-34.853729">
   <element name="flask01" layername="flas" frame="1" z_index="2" m_a="1.000000" m_b="0.000000" m_c="0.000000" m_d="0.928057" m_tx="-149.000000" m_ty="-99.853729"/>
  </frame>
  <frame idx="675" w="322" h="161" x="-18.000000" y="-34.905830">
   <element name="flask01" layername="flas" frame="1" z_index="2" m_a="1.000000" m_b="0.000000" m_c="0.000000" m_d="0.931327" m_tx="-149.000000" m_ty="-100.405830"/>
  </frame>
  <frame idx="700" w="322" h="161" x="-18.000000" y="-35.457932">
   <element name="flask01" layername="flas" frame="1" z_index="2" m_a="1.000000" m_b="0.000000" m_c="0.000000" m_d="0.934597" m_tx="-149.000000" m_ty="-100.957932"/>
  </frame>
  <frame idx="725" w="322" h="162" x="-18.000000" y="-35.510040">
   <element name="flask01" layername="flas" frame="1" z_index="2" m_a="1.000000" m_b="0.000000" m_c="0.000000" m_d="0.937867" m_tx="-149.000000" m_ty="-101.510040"/>
  </frame>
  <frame idx="750" w="322" h="162" x="-18.000000" y="-36.062141">
   <element name="flask01" layername="flas" frame="1" z_index="2" m_a="1.000000" m_b="0.000000" m_c="0.000000" m_d="0.941137" m_tx="-149.000000" m_ty="-102.062141"/>
  </frame>
  <frame idx="775" w="322" h="163" x="-18.000000" y="-36.114243">
   <element name="flask01" layername="flas" frame="1" z_index="2" m_a="1.000000" m_b="0.000000" m_c="0.000000" m_d="0.944408" m_tx="-149.000000" m_ty="-102.614243"/>
  </frame>
  <frame idx="800" w="322" h="163" x="-18.000000" y="-36.666344">
   <element name="flask01" layername="flas" frame="1" z_index="2" m_a="1.000000" m_b="0.000000" m_c="0.000000" m_d="0.947678" m_tx="-149.000000" m_ty="-103.166344"/>
  </frame>
  <frame idx="825" w="322" h="164" x="-18.000000" y="-36.718452">
   <element name="flask01" layername="flas" frame="1" z_index="2" m_a="1.000000" m_b="0.000000" m_c="0.000000" m_d="0.950948" m_tx="-149.000000" m_ty="-103.718452"/>
  </frame>
  <frame idx="850" w="322" h="164" x="-18.000000" y="-37.270554">
   <element name="flask01" layername="flas" frame="1" z_index="2" m_a="1.000000" m_b="0.000000" m_c="0.000000" m_d="0.954218" m_tx="-149.000000" m_ty="-104.270554"/>
  </frame>
  <frame idx="875" w="322" h="165" x="-18.000000" y="-37.322655">
   <element name="flask01" layername="flas" frame="1" z_index="2" m_a="1.000000" m_b="0.000000" m_c="0.000000" m_d="0.957488" m_tx="-149.000000" m_ty="-104.822655"/>
  </frame>
  <frame idx="900" w="322" h="165" x="-18.000000" y="-37.874763">
   <element name="flask01" layername="flas" frame="1" z_index="2" m_a="1.000000" m_b="0.000000" m_c="0.000000" m_d="0.960758" m_tx="-149.000000" m_ty="-105.374763"/>
  </frame>
  <frame idx="925" w="322" h="167" x="-18.000000" y="-38.426865">
   <element name="flask01" layername="flas" frame="1" z_index="2" m_a="1.000000" m_b="0.000000" m_c="0.000000" m_d="0.964028" m_tx="-149.000000" m_ty="-105.926865"/>
  </frame>
  <frame idx="950" w="322" h="167" x="-18.000000" y="-38.978966">
   <element name="flask01" layername="flas" frame="1" z_index="2" m_a="1.000000" m_b="0.000000" m_c="0.000000" m_d="0.967299" m_tx="-149.000000" m_ty="-106.478966"/>
  </frame>
  <frame idx="975" w="322" h="168" x="-18.000000" y="-39.031067">
   <element name="flask01" layername="flas" frame="1" z_index="2" m_a="1.000000" m_b="0.000000" m_c="0.000000" m_d="0.970569" m_tx="-149.000000" m_ty="-107.031067"/>
  </frame>
  <frame idx="1000" w="322" h="168" x="-18.000000" y="-39.583176">
   <element name="flask01" layername="flas" frame="1" z_index="2" m_a="1.000000" m_b="0.000000" m_c="0.000000" m_d="0.973839" m_tx="-149.000000" m_ty="-107.583176"/>
  </frame>
  <frame idx="1025" w="322" h="169" x="-18.000000" y="-39.635277">
   <element name="flask01" layername="flas" frame="1" z_index="2" m_a="1.000000" m_b="0.000000" m_c="0.000000" m_d="0.977109" m_tx="-149.000000" m_ty="-108.135277"/>
  </frame>
  <frame idx="1050" w="322" h="169" x="-18.000000" y="-40.187378">
   <element name="flask01" layername="flas" frame="1" z_index="2" m_a="1.000000" m_b="0.000000" m_c="0.000000" m_d="0.980379" m_tx="-149.000000" m_ty="-108.687378"/>
  </frame>
  <frame idx="1075" w="322" h="170" x="-18.000000" y="-40.239487">
   <element name="flask01" layername="flas" frame="1" z_index="2" m_a="1.000000" m_b="0.000000" m_c="0.000000" m_d="0.983649" m_tx="-149.000000" m_ty="-109.239487"/>
  </frame>
  <frame idx="1100" w="322" h="170" x="-18.000000" y="-40.791588">
   <element name="flask01" layername="flas" frame="1" z_index="2" m_a="1.000000" m_b="0.000000" m_c="0.000000" m_d="0.986919" m_tx="-149.000000" m_ty="-109.791588"/>
  </frame>
  <frame idx="1125" w="322" h="171" x="-18.000000" y="-40.843689">
   <element name="flask01" layername="flas" frame="1" z_index="2" m_a="1.000000" m_b="0.000000" m_c="0.000000" m_d="0.990190" m_tx="-149.000000" m_ty="-110.343689"/>
  </frame>
  <frame idx="1150" w="322" h="171" x="-18.000000" y="-41.395790">
   <element name="flask01" layername="flas" frame="1" z_index="2" m_a="1.000000" m_b="0.000000" m_c="0.000000" m_d="0.993460" m_tx="-149.000000" m_ty="-110.895790"/>
  </frame>
  <frame idx="1175" w="322" h="172" x="-18.000000" y="-41.447899">
   <element name="flask01" layername="flas" frame="1" z_index="2" m_a="1.000000" m_b="0.000000" m_c="0.000000" m_d="0.996730" m_tx="-149.000000" m_ty="-111.447899"/>
  </frame>
 </anim>
</Anims>
