<Anims>
 <anim name="anim_90s" root="rage" numframes="750" framerate="40">
  <frame idx="0" w="94" h="95" x="1.278736" y="-1.523464">
   <element name="frame_circle" layername="frame_circle" frame="0" z_index="9" m_a="1.000000" m_b="0.000000" m_c="0.000000" m_d="1.000000" m_tx="0.000000" m_ty="-2.599000"/>
   <element name="drop" layername="drop" frame="0" z_index="10" m_a="1.000020" m_b="0.000000" m_c="0.000000" m_d="1.000020" m_tx="0.000000" m_ty="0.500000"/>
   <element name="wet_level" layername="wet_level" frame="0" z_index="11" m_a="1.319410" m_b="0.000000" m_c="0.000000" m_d="1.319410" m_tx="0.000000" m_ty="0.000000"/>
   <element name="frame_background" layername="Symbol" frame="0" z_index="12" m_a="1.000000" m_b="0.000000" m_c="0.000000" m_d="1.000000" m_tx="-31.549000" m_ty="-34.598999"/>
  </frame>
  <frame idx="25" w="94" h="95" x="1.278736" y="-1.523464">
   <element name="frame_circle" layername="frame_circle" frame="0" z_index="9" m_a="1.000000" m_b="0.000000" m_c="0.000000" m_d="1.000000" m_tx="0.000000" m_ty="-2.599000"/>
   <element name="drop" layername="drop" frame="0" z_index="10" m_a="1.000020" m_b="0.000000" m_c="0.000000" m_d="1.000020" m_tx="0.000000" m_ty="0.500000"/>
   <element name="wet_level" layername="wet_level" frame="0" z_index="11" m_a="1.319410" m_b="0.000000" m_c="0.000000" m_d="1.319410" m_tx="0.000000" m_ty="0.000000"/>
   <element name="frame_background" layername="Symbol" frame="0" z_index="12" m_a="1.000000" m_b="0.000000" m_c="0.000000" m_d="1.000000" m_tx="-31.549000" m_ty="-34.598999"/>
  </frame>
  <frame idx="50" w="94" h="95" x="1.278736" y="-1.523464">
   <element name="frame_circle" layername="frame_circle" frame="0" z_index="9" m_a="1.000000" m_b="0.000000" m_c="0.000000" m_d="1.000000" m_tx="0.000000" m_ty="-2.599000"/>
   <element name="drop" layername="drop" frame="0" z_index="10" m_a="1.000020" m_b="0.000000" m_c="0.000000" m_d="1.000020" m_tx="0.000000" m_ty="0.500000"/>
   <element name="wet_level" layername="wet_level" frame="0" z_index="11" m_a="1.319410" m_b="0.000000" m_c="0.000000" m_d="1.319410" m_tx="-0.017728" m_ty="0.575640"/>
   <element name="frame_background" layername="Symbol" frame="0" z_index="12" m_a="1.000000" m_b="0.000000" m_c="0.000000" m_d="1.000000" m_tx="-31.549000" m_ty="-34.598999"/>
  </frame>
  <frame idx="75" w="94" h="95" x="1.278736" y="-1.523464">
   <element name="frame_circle" layername="frame_circle" frame="0" z_index="9" m_a="1.000000" m_b="0.000000" m_c="0.000000" m_d="1.000000" m_tx="0.000000" m_ty="-2.599000"/>
   <element name="drop" layername="drop" frame="0" z_index="10" m_a="1.000020" m_b="0.000000" m_c="0.000000" m_d="1.000020" m_tx="0.000000" m_ty="0.500000"/>
   <element name="wet_level" layername="wet_level" frame="1" z_index="11" m_a="1.319410" m_b="0.000000" m_c="0.000000" m_d="1.319410" m_tx="-0.034732" m_ty="2.585058"/>
   <element name="frame_background" layername="Symbol" frame="0" z_index="12" m_a="1.000000" m_b="0.000000" m_c="0.000000" m_d="1.000000" m_tx="-31.549000" m_ty="-34.598999"/>
  </frame>
  <frame idx="100" w="94" h="96" x="1.278736" y="-0.546894">
   <element name="frame_circle" layername="frame_circle" frame="0" z_index="9" m_a="1.000000" m_b="0.000000" m_c="0.000000" m_d="1.000000" m_tx="0.000000" m_ty="-2.599000"/>
   <element name="drop" layername="drop" frame="0" z_index="10" m_a="1.000020" m_b="0.000000" m_c="0.000000" m_d="1.000020" m_tx="0.000000" m_ty="0.500000"/>
   <element name="wet_level" layername="wet_level" frame="2" z_index="11" m_a="1.319410" m_b="0.000000" m_c="0.000000" m_d="1.319410" m_tx="-0.016361" m_ty="8.691482"/>
   <element name="frame_background" layername="Symbol" frame="0" z_index="12" m_a="1.000000" m_b="0.000000" m_c="0.000000" m_d="1.000000" m_tx="-31.549000" m_ty="-34.598999"/>
  </frame>
  <frame idx="125" w="94" h="96" x="1.278736" y="-0.110325">
   <element name="frame_circle" layername="frame_circle" frame="0" z_index="9" m_a="1.000000" m_b="0.000000" m_c="0.000000" m_d="1.000000" m_tx="0.000000" m_ty="-2.599000"/>
   <element name="drop" layername="drop" frame="0" z_index="10" m_a="1.000020" m_b="0.000000" m_c="0.000000" m_d="1.000020" m_tx="0.000000" m_ty="0.500000"/>
   <element name="wet_level" layername="wet_level" frame="2" z_index="11" m_a="1.319410" m_b="0.000000" m_c="0.000000" m_d="1.319410" m_tx="-0.042748" m_ty="9.564620"/>
   <element name="frame_background" layername="Symbol" frame="0" z_index="12" m_a="1.000000" m_b="0.000000" m_c="0.000000" m_d="1.000000" m_tx="-31.549000" m_ty="-34.598999"/>
  </frame>
  <frame idx="150" w="94" h="97" x="1.278736" y="0.713657">
   <element name="frame_circle" layername="frame_circle" frame="0" z_index="9" m_a="1.000000" m_b="0.000000" m_c="0.000000" m_d="1.000000" m_tx="0.000000" m_ty="-2.599000"/>
   <element name="drop" layername="drop" frame="0" z_index="10" m_a="1.000020" m_b="0.000000" m_c="0.000000" m_d="1.000020" m_tx="0.000000" m_ty="0.500000"/>
   <element name="wet_level" layername="wet_level" frame="3" z_index="11" m_a="1.319410" m_b="0.000000" m_c="0.000000" m_d="1.319410" m_tx="-0.044131" m_ty="12.112576"/>
   <element name="frame_background" layername="Symbol" frame="0" z_index="12" m_a="1.000000" m_b="0.000000" m_c="0.000000" m_d="1.000000" m_tx="-31.549000" m_ty="-34.598999"/>
  </frame>
  <frame idx="175" w="94" h="102" x="1.278736" y="4.681644">
   <element name="frame_circle" layername="frame_circle" frame="0" z_index="9" m_a="1.000000" m_b="0.000000" m_c="0.000000" m_d="1.000000" m_tx="0.000000" m_ty="-2.599000"/>
   <element name="drop" layername="drop" frame="0" z_index="10" m_a="1.000020" m_b="0.000000" m_c="0.000000" m_d="1.000020" m_tx="0.000000" m_ty="0.500000"/>
   <element name="wet_level" layername="wet_level" frame="4" z_index="11" m_a="1.319410" m_b="0.000000" m_c="0.000000" m_d="1.319410" m_tx="-0.032679" m_ty="17.670832"/>
   <element name="frame_background" layername="Symbol" frame="0" z_index="12" m_a="1.000000" m_b="0.000000" m_c="0.000000" m_d="1.000000" m_tx="-31.549000" m_ty="-34.598999"/>
  </frame>
  <frame idx="200" w="94" h="102" x="1.278736" y="4.681446">
   <element name="frame_circle" layername="frame_circle" frame="0" z_index="9" m_a="1.000000" m_b="0.000000" m_c="0.000000" m_d="1.000000" m_tx="0.000000" m_ty="-2.599000"/>
   <element name="drop" layername="drop" frame="0" z_index="10" m_a="1.000020" m_b="0.000000" m_c="0.000000" m_d="1.000020" m_tx="0.000000" m_ty="0.500000"/>
   <element name="wet_level" layername="wet_level" frame="5" z_index="11" m_a="1.319410" m_b="0.000000" m_c="0.000000" m_d="1.319410" m_tx="-0.032679" m_ty="18.570431"/>
   <element name="frame_background" layername="Symbol" frame="0" z_index="12" m_a="1.000000" m_b="0.000000" m_c="0.000000" m_d="1.000000" m_tx="-31.549000" m_ty="-34.598999"/>
  </frame>
  <frame idx="225" w="94" h="104" x="1.278736" y="6.070889">
   <element name="frame_circle" layername="frame_circle" frame="0" z_index="9" m_a="1.000000" m_b="0.000000" m_c="0.000000" m_d="1.000000" m_tx="0.000000" m_ty="-2.599000"/>
   <element name="drop" layername="drop" frame="0" z_index="10" m_a="1.000020" m_b="0.000000" m_c="0.000000" m_d="1.000020" m_tx="0.000000" m_ty="0.500000"/>
   <element name="wet_level" layername="wet_level" frame="5" z_index="11" m_a="1.319410" m_b="0.000000" m_c="0.000000" m_d="1.319410" m_tx="-0.058756" m_ty="21.349318"/>
   <element name="frame_background" layername="Symbol" frame="0" z_index="12" m_a="1.000000" m_b="0.000000" m_c="0.000000" m_d="1.000000" m_tx="-31.549000" m_ty="-34.598999"/>
  </frame>
  <frame idx="250" w="94" h="107" x="1.278736" y="9.910198">
   <element name="frame_circle" layername="frame_circle" frame="0" z_index="9" m_a="1.000000" m_b="0.000000" m_c="0.000000" m_d="1.000000" m_tx="0.000000" m_ty="-2.599000"/>
   <element name="drop" layername="drop" frame="0" z_index="10" m_a="1.000020" m_b="0.000000" m_c="0.000000" m_d="1.000020" m_tx="0.000000" m_ty="0.500000"/>
   <element name="wet_level" layername="wet_level" frame="6" z_index="11" m_a="1.319410" m_b="0.000000" m_c="0.000000" m_d="1.319410" m_tx="-0.057822" m_ty="26.650396"/>
   <element name="frame_background" layername="Symbol" frame="0" z_index="12" m_a="1.000000" m_b="0.000000" m_c="0.000000" m_d="1.000000" m_tx="-31.549000" m_ty="-34.598999"/>
  </frame>
  <frame idx="275" w="94" h="107" x="1.278736" y="9.910000">
   <element name="frame_circle" layername="frame_circle" frame="0" z_index="9" m_a="1.000000" m_b="0.000000" m_c="0.000000" m_d="1.000000" m_tx="0.000000" m_ty="-2.599000"/>
   <element name="drop" layername="drop" frame="0" z_index="10" m_a="1.000020" m_b="0.000000" m_c="0.000000" m_d="1.000020" m_tx="0.000000" m_ty="0.500000"/>
   <element name="wet_level" layername="wet_level" frame="7" z_index="11" m_a="1.319410" m_b="0.000000" m_c="0.000000" m_d="1.319410" m_tx="-0.040821" m_ty="27.549978"/>
   <element name="frame_background" layername="Symbol" frame="0" z_index="12" m_a="1.000000" m_b="0.000000" m_c="0.000000" m_d="1.000000" m_tx="-31.549000" m_ty="-34.598999"/>
  </frame>
  <frame idx="300" w="94" h="107" x="1.278736" y="9.909801">
   <element name="frame_circle" layername="frame_circle" frame="0" z_index="9" m_a="1.000000" m_b="0.000000" m_c="0.000000" m_d="1.000000" m_tx="0.000000" m_ty="-2.599000"/>
   <element name="drop" layername="drop" frame="0" z_index="10" m_a="1.000020" m_b="0.000000" m_c="0.000000" m_d="1.000020" m_tx="0.000000" m_ty="0.500000"/>
   <element name="wet_level" layername="wet_level" frame="8" z_index="11" m_a="1.319410" m_b="0.000000" m_c="0.000000" m_d="1.319410" m_tx="-0.040821" m_ty="28.449581"/>
   <element name="frame_background" layername="Symbol" frame="0" z_index="12" m_a="1.000000" m_b="0.000000" m_c="0.000000" m_d="1.000000" m_tx="-31.549000" m_ty="-34.598999"/>
  </frame>
  <frame idx="325" w="94" h="109" x="1.278736" y="11.016384">
   <element name="frame_circle" layername="frame_circle" frame="0" z_index="9" m_a="1.000000" m_b="0.000000" m_c="0.000000" m_d="1.000000" m_tx="0.000000" m_ty="-2.599000"/>
   <element name="drop" layername="drop" frame="0" z_index="10" m_a="1.000020" m_b="0.000000" m_c="0.000000" m_d="1.000020" m_tx="0.000000" m_ty="0.500000"/>
   <element name="wet_level" layername="wet_level" frame="8" z_index="11" m_a="1.319410" m_b="0.000000" m_c="0.000000" m_d="1.319410" m_tx="-0.040821" m_ty="30.662741"/>
   <element name="frame_background" layername="Symbol" frame="0" z_index="12" m_a="1.000000" m_b="0.000000" m_c="0.000000" m_d="1.000000" m_tx="-31.549000" m_ty="-34.598999"/>
  </frame>
  <frame idx="350" w="94" h="114" x="1.278736" y="15.138393">
   <element name="frame_circle" layername="frame_circle" frame="0" z_index="9" m_a="1.000000" m_b="0.000000" m_c="0.000000" m_d="1.000000" m_tx="0.000000" m_ty="-2.599000"/>
   <element name="drop" layername="drop" frame="0" z_index="10" m_a="1.000020" m_b="0.000000" m_c="0.000000" m_d="1.000020" m_tx="0.000000" m_ty="0.500000"/>
   <element name="wet_level" layername="wet_level" frame="9" z_index="11" m_a="1.319410" m_b="0.000000" m_c="0.000000" m_d="1.319410" m_tx="-0.056822" m_ty="36.529121"/>
   <element name="frame_background" layername="Symbol" frame="0" z_index="12" m_a="1.000000" m_b="0.000000" m_c="0.000000" m_d="1.000000" m_tx="-31.549000" m_ty="-34.598999"/>
  </frame>
  <frame idx="375" w="94" h="114" x="1.278736" y="15.302654">
   <element name="frame_circle" layername="frame_circle" frame="0" z_index="9" m_a="1.000000" m_b="0.000000" m_c="0.000000" m_d="1.000000" m_tx="0.000000" m_ty="-2.599000"/>
   <element name="drop" layername="drop" frame="0" z_index="10" m_a="1.000020" m_b="0.000000" m_c="0.000000" m_d="1.000020" m_tx="0.000000" m_ty="0.500000"/>
   <element name="wet_level" layername="wet_level" frame="10" z_index="11" m_a="1.319410" m_b="0.000000" m_c="0.000000" m_d="1.319410" m_tx="-0.073822" m_ty="37.757156"/>
   <element name="frame_background" layername="Symbol" frame="0" z_index="12" m_a="1.000000" m_b="0.000000" m_c="0.000000" m_d="1.000000" m_tx="-31.549000" m_ty="-34.598999"/>
  </frame>
  <frame idx="400" w="94" h="118" x="1.278736" y="19.935215">
   <element name="frame_circle" layername="frame_circle" frame="0" z_index="9" m_a="1.000000" m_b="0.000000" m_c="0.000000" m_d="1.000000" m_tx="0.000000" m_ty="-2.599000"/>
   <element name="drop" layername="drop" frame="0" z_index="10" m_a="1.000020" m_b="0.000000" m_c="0.000000" m_d="1.000020" m_tx="0.000000" m_ty="0.500000"/>
   <element name="wet_level" layername="wet_level" frame="11" z_index="11" m_a="1.319410" m_b="0.000000" m_c="0.000000" m_d="1.319410" m_tx="-0.073822" m_ty="44.644650"/>
   <element name="frame_background" layername="Symbol" frame="0" z_index="12" m_a="1.000000" m_b="0.000000" m_c="0.000000" m_d="1.000000" m_tx="-31.549000" m_ty="-34.598999"/>
  </frame>
  <frame idx="425" w="94" h="119" x="1.278736" y="20.371792">
   <element name="frame_circle" layername="frame_circle" frame="0" z_index="9" m_a="1.000000" m_b="0.000000" m_c="0.000000" m_d="1.000000" m_tx="0.000000" m_ty="-2.599000"/>
   <element name="drop" layername="drop" frame="0" z_index="10" m_a="1.000020" m_b="0.000000" m_c="0.000000" m_d="1.000020" m_tx="0.000000" m_ty="0.500000"/>
   <element name="wet_level" layername="wet_level" frame="11" z_index="11" m_a="1.319410" m_b="0.000000" m_c="0.000000" m_d="1.319410" m_tx="-0.073822" m_ty="45.517792"/>
   <element name="frame_background" layername="Symbol" frame="0" z_index="12" m_a="1.000000" m_b="0.000000" m_c="0.000000" m_d="1.000000" m_tx="-31.549000" m_ty="-34.598999"/>
  </frame>
  <frame idx="450" w="94" h="119" x="1.278736" y="20.605122">
   <element name="frame_circle" layername="frame_circle" frame="0" z_index="9" m_a="1.000000" m_b="0.000000" m_c="0.000000" m_d="1.000000" m_tx="0.000000" m_ty="-2.599000"/>
   <element name="drop" layername="drop" frame="0" z_index="10" m_a="1.000020" m_b="0.000000" m_c="0.000000" m_d="1.000020" m_tx="0.000000" m_ty="0.500000"/>
   <element name="wet_level" layername="wet_level" frame="12" z_index="11" m_a="1.319410" m_b="0.000000" m_c="0.000000" m_d="1.319410" m_tx="-0.073822" m_ty="46.884464"/>
   <element name="frame_background" layername="Symbol" frame="0" z_index="12" m_a="1.000000" m_b="0.000000" m_c="0.000000" m_d="1.000000" m_tx="-31.549000" m_ty="-34.598999"/>
  </frame>
  <frame idx="475" w="94" h="125" x="1.278736" y="25.163769">
   <element name="frame_circle" layername="frame_circle" frame="0" z_index="9" m_a="1.000000" m_b="0.000000" m_c="0.000000" m_d="1.000000" m_tx="0.000000" m_ty="-2.599000"/>
   <element name="drop" layername="drop" frame="0" z_index="10" m_a="1.000020" m_b="0.000000" m_c="0.000000" m_d="1.000020" m_tx="0.000000" m_ty="0.500000"/>
   <element name="wet_level" layername="wet_level" frame="13" z_index="11" m_a="1.319410" m_b="0.000000" m_c="0.000000" m_d="1.319410" m_tx="-0.073822" m_ty="53.624081"/>
   <element name="frame_background" layername="Symbol" frame="0" z_index="12" m_a="1.000000" m_b="0.000000" m_c="0.000000" m_d="1.000000" m_tx="-31.549000" m_ty="-34.598999"/>
  </frame>
  <frame idx="500" w="94" h="125" x="1.278736" y="25.163563">
   <element name="frame_circle" layername="frame_circle" frame="0" z_index="9" m_a="1.000000" m_b="0.000000" m_c="0.000000" m_d="1.000000" m_tx="0.000000" m_ty="-2.599000"/>
   <element name="drop" layername="drop" frame="0" z_index="10" m_a="1.000020" m_b="0.000000" m_c="0.000000" m_d="1.000020" m_tx="0.000000" m_ty="0.500000"/>
   <element name="wet_level" layername="wet_level" frame="14" z_index="11" m_a="1.319410" m_b="0.000000" m_c="0.000000" m_d="1.319410" m_tx="-0.073822" m_ty="54.523716"/>
   <element name="frame_background" layername="Symbol" frame="0" z_index="12" m_a="1.000000" m_b="0.000000" m_c="0.000000" m_d="1.000000" m_tx="-31.549000" m_ty="-34.598999"/>
  </frame>
  <frame idx="525" w="94" h="125" x="1.278736" y="25.849316">
   <element name="frame_circle" layername="frame_circle" frame="0" z_index="9" m_a="1.000000" m_b="0.000000" m_c="0.000000" m_d="1.000000" m_tx="0.000000" m_ty="-2.599000"/>
   <element name="drop" layername="drop" frame="0" z_index="10" m_a="1.000020" m_b="0.000000" m_c="0.000000" m_d="1.000020" m_tx="0.000000" m_ty="0.500000"/>
   <element name="wet_level" layername="wet_level" frame="14" z_index="11" m_a="1.319410" m_b="0.000000" m_c="0.000000" m_d="1.319410" m_tx="-0.073822" m_ty="55.895210"/>
   <element name="frame_background" layername="Symbol" frame="0" z_index="12" m_a="1.000000" m_b="0.000000" m_c="0.000000" m_d="1.000000" m_tx="-31.549000" m_ty="-34.598999"/>
  </frame>
  <frame idx="550" w="94" h="130" x="1.278736" y="30.392307">
   <element name="frame_circle" layername="frame_circle" frame="0" z_index="9" m_a="1.000000" m_b="0.000000" m_c="0.000000" m_d="1.000000" m_tx="0.000000" m_ty="-2.599000"/>
   <element name="drop" layername="drop" frame="0" z_index="10" m_a="1.000020" m_b="0.000000" m_c="0.000000" m_d="1.000020" m_tx="0.000000" m_ty="0.500000"/>
   <element name="wet_level" layername="wet_level" frame="15" z_index="11" m_a="1.319410" m_b="0.000000" m_c="0.000000" m_d="1.319410" m_tx="-0.073822" m_ty="62.603558"/>
   <element name="frame_background" layername="Symbol" frame="0" z_index="12" m_a="1.000000" m_b="0.000000" m_c="0.000000" m_d="1.000000" m_tx="-31.549000" m_ty="-34.598999"/>
  </frame>
  <frame idx="575" w="94" h="130" x="1.278736" y="30.392117">
   <element name="frame_circle" layername="frame_circle" frame="0" z_index="9" m_a="1.000000" m_b="0.000000" m_c="0.000000" m_d="1.000000" m_tx="0.000000" m_ty="-2.599000"/>
   <element name="drop" layername="drop" frame="0" z_index="10" m_a="1.000020" m_b="0.000000" m_c="0.000000" m_d="1.000020" m_tx="0.000000" m_ty="0.500000"/>
   <element name="wet_level" layername="wet_level" frame="16" z_index="11" m_a="1.319410" m_b="0.000000" m_c="0.000000" m_d="1.319410" m_tx="-0.073822" m_ty="63.503151"/>
   <element name="frame_background" layername="Symbol" frame="0" z_index="12" m_a="1.000000" m_b="0.000000" m_c="0.000000" m_d="1.000000" m_tx="-31.549000" m_ty="-34.598999"/>
  </frame>
  <frame idx="600" w="94" h="130" x="1.278736" y="30.391918">
   <element name="frame_circle" layername="frame_circle" frame="0" z_index="9" m_a="1.000000" m_b="0.000000" m_c="0.000000" m_d="1.000000" m_tx="0.000000" m_ty="-2.599000"/>
   <element name="drop" layername="drop" frame="0" z_index="10" m_a="1.000020" m_b="0.000000" m_c="0.000000" m_d="1.000020" m_tx="0.000000" m_ty="0.500000"/>
   <element name="wet_level" layername="wet_level" frame="17" z_index="11" m_a="1.319410" m_b="0.000000" m_c="0.000000" m_d="1.319410" m_tx="-0.073822" m_ty="64.402771"/>
   <element name="frame_background" layername="Symbol" frame="0" z_index="12" m_a="1.000000" m_b="0.000000" m_c="0.000000" m_d="1.000000" m_tx="-31.549000" m_ty="-34.598999"/>
  </frame>
  <frame idx="625" w="94" h="130" x="1.278736" y="30.947742">
   <element name="frame_circle" layername="frame_circle" frame="0" z_index="9" m_a="1.000000" m_b="0.000000" m_c="0.000000" m_d="1.000000" m_tx="0.000000" m_ty="-2.599000"/>
   <element name="drop" layername="drop" frame="0" z_index="10" m_a="1.000020" m_b="0.000000" m_c="0.000000" m_d="1.000020" m_tx="0.000000" m_ty="0.500000"/>
   <element name="wet_level" layername="wet_level" frame="17" z_index="11" m_a="1.319410" m_b="0.000000" m_c="0.000000" m_d="1.319410" m_tx="-0.073822" m_ty="65.514420"/>
   <element name="frame_background" layername="Symbol" frame="0" z_index="12" m_a="1.000000" m_b="0.000000" m_c="0.000000" m_d="1.000000" m_tx="-31.549000" m_ty="-34.598999"/>
  </frame>
  <frame idx="650" w="94" h="136" x="1.278736" y="35.620663">
   <element name="frame_circle" layername="frame_circle" frame="0" z_index="9" m_a="1.000000" m_b="0.000000" m_c="0.000000" m_d="1.000000" m_tx="0.000000" m_ty="-2.599000"/>
   <element name="drop" layername="drop" frame="0" z_index="10" m_a="1.000020" m_b="0.000000" m_c="0.000000" m_d="1.000020" m_tx="0.000000" m_ty="0.500000"/>
   <element name="wet_level" layername="wet_level" frame="18" z_index="11" m_a="1.319410" m_b="0.000000" m_c="0.000000" m_d="1.319410" m_tx="-0.073822" m_ty="72.482597"/>
   <element name="frame_background" layername="Symbol" frame="0" z_index="12" m_a="1.000000" m_b="0.000000" m_c="0.000000" m_d="1.000000" m_tx="-31.549000" m_ty="-34.598999"/>
  </frame>
  <frame idx="675" w="94" h="136" x="1.278736" y="35.634617">
   <element name="frame_circle" layername="frame_circle" frame="0" z_index="9" m_a="1.000000" m_b="0.000000" m_c="0.000000" m_d="1.000000" m_tx="0.000000" m_ty="-2.599000"/>
   <element name="drop" layername="drop" frame="0" z_index="10" m_a="1.000020" m_b="0.000000" m_c="0.000000" m_d="1.000020" m_tx="0.000000" m_ty="0.500000"/>
   <element name="wet_level" layername="wet_level" frame="19" z_index="11" m_a="1.319410" m_b="0.000000" m_c="0.000000" m_d="1.319410" m_tx="-0.073822" m_ty="73.410500"/>
   <element name="frame_background" layername="Symbol" frame="0" z_index="12" m_a="1.000000" m_b="0.000000" m_c="0.000000" m_d="1.000000" m_tx="-31.549000" m_ty="-34.598999"/>
  </frame>
  <frame idx="700" w="94" h="141" x="1.278736" y="40.417408">
   <element name="frame_circle" layername="frame_circle" frame="0" z_index="9" m_a="1.000000" m_b="0.000000" m_c="0.000000" m_d="1.000000" m_tx="0.000000" m_ty="-2.599000"/>
   <element name="drop" layername="drop" frame="0" z_index="10" m_a="1.000020" m_b="0.000000" m_c="0.000000" m_d="1.000020" m_tx="0.000000" m_ty="0.500000"/>
   <element name="wet_level" layername="wet_level" frame="20" z_index="11" m_a="1.319410" m_b="0.000000" m_c="0.000000" m_d="1.319410" m_tx="-0.073822" m_ty="80.598450"/>
   <element name="frame_background" layername="Symbol" frame="0" z_index="12" m_a="1.000000" m_b="0.000000" m_c="0.000000" m_d="1.000000" m_tx="-31.549000" m_ty="-34.598999"/>
  </frame>
  <frame idx="725" w="94" h="142" x="1.278736" y="40.987370">
   <element name="frame_circle" layername="frame_circle" frame="0" z_index="9" m_a="1.000000" m_b="0.000000" m_c="0.000000" m_d="1.000000" m_tx="0.000000" m_ty="-2.599000"/>
   <element name="drop" layername="drop" frame="0" z_index="10" m_a="1.000020" m_b="0.000000" m_c="0.000000" m_d="1.000020" m_tx="0.000000" m_ty="0.500000"/>
   <element name="wet_level" layername="wet_level" frame="20" z_index="11" m_a="1.319410" m_b="0.000000" m_c="0.000000" m_d="1.319410" m_tx="-0.073822" m_ty="81.738373"/>
   <element name="frame_background" layername="Symbol" frame="0" z_index="12" m_a="1.000000" m_b="0.000000" m_c="0.000000" m_d="1.000000" m_tx="-31.549000" m_ty="-34.598999"/>
  </frame>
 </anim>
 <anim name="close_90s" root="rage" numframes="150" framerate="40">
  <frame idx="0" w="94" h="95" x="1.278736" y="-1.523464">
   <element name="frame_circle" layername="frame_circle" frame="0" z_index="9" m_a="1.000000" m_b="0.000000" m_c="0.000000" m_d="1.000000" m_tx="0.000000" m_ty="-2.599000"/>
   <element name="drop" layername="drop" frame="0" z_index="10" m_a="1.000020" m_b="0.000000" m_c="0.000000" m_d="1.000020" m_tx="0.000000" m_ty="0.500000"/>
   <element name="wet_level" layername="wet_level" frame="0" z_index="11" m_a="1.319410" m_b="0.000000" m_c="0.000000" m_d="1.319410" m_tx="0.000000" m_ty="0.000000"/>
   <element name="frame_background" layername="Symbol" frame="0" z_index="12" m_a="1.000000" m_b="0.000000" m_c="0.000000" m_d="1.000000" m_tx="-31.549000" m_ty="-34.598999"/>
  </frame>
  <frame idx="25" w="94" h="92" x="1.120838" y="-4.441250">
   <element name="frame_circle" layername="frame_circle" frame="0" z_index="9" m_a="0.996331" m_b="0.000000" m_c="0.000000" m_d="0.926152" m_tx="0.000000" m_ty="-2.415176"/>
   <element name="drop" layername="drop" frame="0" z_index="10" m_a="0.996348" m_b="0.000000" m_c="0.000000" m_d="0.926169" m_tx="0.000000" m_ty="0.463235"/>
   <element name="wet_level" layername="wet_level" frame="0" z_index="11" m_a="1.314586" m_b="0.000000" m_c="0.000000" m_d="1.221991" m_tx="0.000000" m_ty="0.000000"/>
   <element name="frame_background" layername="Symbol" frame="0" z_index="12" m_a="1.000000" m_b="0.000000" m_c="0.000000" m_d="0.954609" m_tx="-31.776646" m_ty="-33.233128"/>
  </frame>
  <frame idx="50" w="94" h="86" x="0.752224" y="-7.938435">
   <element name="frame_circle" layername="frame_circle" frame="0" z_index="9" m_a="0.987760" m_b="0.000000" m_c="0.000000" m_d="0.753489" m_tx="0.000000" m_ty="-1.985364"/>
   <element name="drop" layername="drop" frame="0" z_index="10" m_a="0.987776" m_b="0.000000" m_c="0.000000" m_d="0.753497" m_tx="0.000000" m_ty="0.353030"/>
   <element name="wet_level" layername="wet_level" frame="0" z_index="11" m_a="1.303284" m_b="0.000000" m_c="0.000000" m_d="0.994175" m_tx="0.000000" m_ty="-0.023758"/>
   <element name="frame_background" layername="Symbol" frame="0" z_index="12" m_a="1.000000" m_b="0.000000" m_c="0.000000" m_d="0.782646" m_tx="-31.708490" m_ty="-27.187422"/>
  </frame>
  <frame idx="75" w="93" h="82" x="0.149338" y="-10.547764">
   <element name="frame_circle" layername="frame_circle" frame="0" z_index="9" m_a="0.974016" m_b="0.000000" m_c="0.000000" m_d="0.476552" m_tx="-0.011879" m_ty="-1.308091"/>
   <element name="drop" layername="drop" frame="0" z_index="10" m_a="0.974031" m_b="0.000000" m_c="0.000000" m_d="0.476552" m_tx="-0.011879" m_ty="0.165394"/>
   <element name="wet_level" layername="wet_level" frame="0" z_index="11" m_a="1.285144" m_b="0.000000" m_c="0.000000" m_d="0.628772" m_tx="-0.011879" m_ty="-0.073242"/>
   <element name="frame_background" layername="Symbol" frame="0" z_index="12" m_a="1.000000" m_b="0.000000" m_c="0.000000" m_d="0.494791" m_tx="-31.624054" m_ty="-17.008232"/>
  </frame>
  <frame idx="100" w="92" h="76" x="-0.699505" y="-14.146376">
   <element name="frame_circle" layername="frame_circle" frame="0" z_index="9" m_a="0.955139" m_b="0.000000" m_c="0.000000" m_d="0.096146" m_tx="-0.049000" m_ty="-0.399000"/>
   <element name="drop" layername="drop" frame="0" z_index="10" m_a="0.955154" m_b="0.000000" m_c="0.000000" m_d="0.096146" m_tx="-0.049000" m_ty="-0.099000"/>
   <element name="wet_level" layername="wet_level" frame="0" z_index="11" m_a="1.260220" m_b="0.000000" m_c="0.000000" m_d="0.126862" m_tx="-0.049000" m_ty="-0.149000"/>
   <element name="frame_background" layername="Symbol" frame="0" z_index="12" m_a="1.000000" m_b="0.000000" m_c="0.000000" m_d="0.111956" m_tx="-31.858599" m_ty="-3.639248"/>
  </frame>
  <frame idx="125" w="93" h="82" x="0.038643" y="-10.969181">
   <element name="frame_circle" layername="frame_circle" frame="0" z_index="9" m_a="0.971878" m_b="0.000000" m_c="0.000000" m_d="0.433405" m_tx="-0.030716" m_ty="-1.219895"/>
   <element name="drop" layername="drop" frame="0" z_index="10" m_a="0.971895" m_b="0.000000" m_c="0.000000" m_d="0.433412" m_tx="-0.030716" m_ty="0.124507"/>
   <element name="wet_level" layername="wet_level" frame="0" z_index="11" m_a="1.282306" m_b="0.000000" m_c="0.000000" m_d="0.571843" m_tx="-0.030716" m_ty="-0.093403"/>
   <element name="frame_background" layername="Symbol" frame="0" z_index="12" m_a="1.000000" m_b="0.000000" m_c="0.000000" m_d="0.443316" m_tx="-31.743076" m_ty="-15.191394"/>
  </frame>
 </anim>
 <anim name="open_90s" root="rage" numframes="200" framerate="40">
  <frame idx="0" w="92" h="76" x="-0.699505" y="-14.146376">
   <element name="frame_circle" layername="frame_circle" frame="0" z_index="9" m_a="0.955139" m_b="0.000000" m_c="0.000000" m_d="0.096146" m_tx="-0.049000" m_ty="-0.399000"/>
   <element name="drop" layername="drop" frame="0" z_index="10" m_a="0.955154" m_b="0.000000" m_c="0.000000" m_d="0.096146" m_tx="-0.049000" m_ty="-0.099000"/>
   <element name="wet_level" layername="wet_level" frame="0" z_index="11" m_a="1.260220" m_b="0.000000" m_c="0.000000" m_d="0.126862" m_tx="-0.049000" m_ty="-0.149000"/>
   <element name="frame_background" layername="Symbol" frame="0" z_index="12" m_a="1.000000" m_b="0.000000" m_c="0.000000" m_d="0.118262" m_tx="-31.549000" m_ty="-4.258443"/>
  </frame>
  <frame idx="25" w="93" h="80" x="0.001019" y="-12.565046">
   <element name="frame_circle" layername="frame_circle" frame="0" z_index="9" m_a="0.971430" m_b="0.000000" m_c="0.000000" m_d="0.270343" m_tx="-0.049000" m_ty="-0.913706"/>
   <element name="drop" layername="drop" frame="0" z_index="10" m_a="0.971445" m_b="0.000000" m_c="0.000000" m_d="0.270343" m_tx="-0.049000" m_ty="-0.062235"/>
   <element name="wet_level" layername="wet_level" frame="0" z_index="11" m_a="1.281720" m_b="0.000000" m_c="0.000000" m_d="0.356697" m_tx="-0.049000" m_ty="-0.149000"/>
   <element name="frame_background" layername="Symbol" frame="0" z_index="12" m_a="1.000000" m_b="0.000000" m_c="0.000000" m_d="0.300897" m_tx="-32.004288" m_ty="-10.404863"/>
  </frame>
  <frame idx="50" w="95" h="86" x="1.639210" y="-8.940285">
   <element name="frame_circle" layername="frame_circle" frame="0" z_index="9" m_a="1.009530" m_b="0.000000" m_c="0.000000" m_d="0.677648" m_tx="-0.049000" m_ty="-2.117182"/>
   <element name="drop" layername="drop" frame="0" z_index="10" m_a="1.009543" m_b="0.000000" m_c="0.000000" m_d="0.677653" m_tx="-0.049000" m_ty="-0.001000"/>
   <element name="wet_level" layername="wet_level" frame="0" z_index="11" m_a="1.331991" m_b="0.000000" m_c="0.000000" m_d="0.894101" m_tx="-0.049000" m_ty="-0.294455"/>
   <element name="frame_background" layername="Symbol" frame="0" z_index="12" m_a="1.009162" m_b="0.000000" m_c="0.000000" m_d="0.682869" m_tx="-32.318302" m_ty="-22.975021"/>
  </frame>
  <frame idx="75" w="96" h="97" x="2.869995" y="-0.459705">
   <element name="frame_circle" layername="frame_circle" frame="0" z_index="9" m_a="1.037882" m_b="0.000000" m_c="0.000000" m_d="1.037882" m_tx="-0.037121" m_ty="-3.126273"/>
   <element name="drop" layername="drop" frame="0" z_index="10" m_a="1.037889" m_b="0.000000" m_c="0.000000" m_d="1.037889" m_tx="-0.037121" m_ty="0.110606"/>
   <element name="wet_level" layername="wet_level" frame="0" z_index="11" m_a="1.369401" m_b="0.000000" m_c="0.000000" m_d="1.369401" m_tx="-0.037121" m_ty="-0.388394"/>
   <element name="frame_background" layername="Symbol" frame="0" z_index="12" m_a="1.014316" m_b="0.000000" m_c="0.000000" m_d="1.014284" m_tx="-32.252632" m_ty="-34.129913"/>
  </frame>
  <frame idx="100" w="95" h="96" x="2.114223" y="-1.006565">
   <element name="frame_circle" layername="frame_circle" frame="0" z_index="9" m_a="1.019450" m_b="0.000000" m_c="0.000000" m_d="1.019450" m_tx="0.000000" m_ty="-2.899000"/>
   <element name="drop" layername="drop" frame="0" z_index="10" m_a="1.019450" m_b="0.000000" m_c="0.000000" m_d="1.019450" m_tx="0.000000" m_ty="0.300000"/>
   <element name="wet_level" layername="wet_level" frame="0" z_index="11" m_a="1.345090" m_b="0.000000" m_c="0.000000" m_d="1.345090" m_tx="0.000000" m_ty="-0.199000"/>
   <element name="frame_background" layername="Symbol" frame="0" z_index="12" m_a="1.000000" m_b="0.000000" m_c="0.000000" m_d="1.000000" m_tx="-31.549000" m_ty="-34.598999"/>
  </frame>
  <frame idx="125" w="95" h="96" x="1.653553" y="-1.309769">
   <element name="frame_circle" layername="frame_circle" frame="0" z_index="9" m_a="1.008729" m_b="0.000000" m_c="0.000000" m_d="1.008729" m_tx="0.000000" m_ty="-2.751941"/>
   <element name="drop" layername="drop" frame="0" z_index="10" m_a="1.008737" m_b="0.000000" m_c="0.000000" m_d="1.008737" m_tx="0.000000" m_ty="0.410294"/>
   <element name="wet_level" layername="wet_level" frame="0" z_index="11" m_a="1.330943" m_b="0.000000" m_c="0.000000" m_d="1.330943" m_tx="0.000000" m_ty="-0.088706"/>
   <element name="frame_background" layername="Symbol" frame="0" z_index="12" m_a="1.000000" m_b="0.000000" m_c="0.000000" m_d="1.000000" m_tx="-31.549000" m_ty="-34.598999"/>
  </frame>
  <frame idx="150" w="94" h="95" x="1.386391" y="-1.469612">
   <element name="frame_circle" layername="frame_circle" frame="0" z_index="9" m_a="1.002509" m_b="0.000000" m_c="0.000000" m_d="1.002509" m_tx="0.000000" m_ty="-2.650515"/>
   <element name="drop" layername="drop" frame="0" z_index="10" m_a="1.002524" m_b="0.000000" m_c="0.000000" m_d="1.002524" m_tx="0.000000" m_ty="0.474242"/>
   <element name="wet_level" layername="wet_level" frame="0" z_index="11" m_a="1.322728" m_b="0.000000" m_c="0.000000" m_d="1.322728" m_tx="0.000000" m_ty="-0.025242"/>
   <element name="frame_background" layername="Symbol" frame="0" z_index="12" m_a="1.000000" m_b="0.000000" m_c="0.000000" m_d="1.000000" m_tx="-31.549000" m_ty="-34.598999"/>
  </frame>
  <frame idx="175" w="94" h="95" x="1.278736" y="-1.523464">
   <element name="frame_circle" layername="frame_circle" frame="0" z_index="9" m_a="1.000000" m_b="0.000000" m_c="0.000000" m_d="1.000000" m_tx="0.000000" m_ty="-2.599000"/>
   <element name="drop" layername="drop" frame="0" z_index="10" m_a="1.000020" m_b="0.000000" m_c="0.000000" m_d="1.000020" m_tx="0.000000" m_ty="0.500000"/>
   <element name="wet_level" layername="wet_level" frame="0" z_index="11" m_a="1.319410" m_b="0.000000" m_c="0.000000" m_d="1.319410" m_tx="0.000000" m_ty="0.000000"/>
   <element name="frame_background" layername="Symbol" frame="0" z_index="12" m_a="1.000000" m_b="0.000000" m_c="0.000000" m_d="1.000000" m_tx="-31.549000" m_ty="-34.598999"/>
  </frame>
 </anim>
</Anims>
