<Anims>
 <anim name="anim_90s" root="rage" numframes="750" framerate="40">
  <frame idx="0" w="95" h="93" x="0.666672" y="0.400993">
   <element name="Frame" layername="frame_circle" frame="0" z_index="9" m_a="1.000000" m_b="0.000000" m_c="0.000000" m_d="1.000000" m_tx="-40.000019" m_ty="-41.599007"/>
   <element name="Frame" layername="frame_background" frame="1" z_index="10" m_a="1.000000" m_b="0.000000" m_c="0.000000" m_d="1.000000" m_tx="-32.000000" m_ty="-31.333332"/>
   <element name="Icon" layername="icon" frame="0" z_index="8" m_a="1.000000" m_b="0.000000" m_c="0.000000" m_d="1.000000" m_tx="-42.333332" m_ty="-23.666668"/>
  </frame>
  <frame idx="25" w="95" h="93" x="0.666672" y="0.400993">
   <element name="Frame" layername="frame_circle" frame="0" z_index="9" m_a="1.000000" m_b="0.000000" m_c="0.000000" m_d="1.000000" m_tx="-40.000019" m_ty="-41.599007"/>
   <element name="Frame" layername="frame_background" frame="1" z_index="10" m_a="1.000000" m_b="0.000000" m_c="0.000000" m_d="1.000000" m_tx="-32.000000" m_ty="-31.333332"/>
   <element name="Icon" layername="icon" frame="0" z_index="8" m_a="1.000000" m_b="0.000000" m_c="0.000000" m_d="1.000000" m_tx="-42.333332" m_ty="-23.666668"/>
  </frame>
  <frame idx="50" w="95" h="93" x="0.666672" y="0.400993">
   <element name="Frame" layername="frame_circle" frame="0" z_index="9" m_a="1.000000" m_b="0.000000" m_c="0.000000" m_d="1.000000" m_tx="-40.000019" m_ty="-41.599007"/>
   <element name="Frame" layername="frame_background" frame="1" z_index="10" m_a="1.000000" m_b="0.000000" m_c="0.000000" m_d="1.000000" m_tx="-32.000000" m_ty="-31.333332"/>
   <element name="Icon" layername="icon" frame="0" z_index="8" m_a="1.000000" m_b="0.000000" m_c="0.000000" m_d="1.000000" m_tx="-42.333332" m_ty="-23.666668"/>
   <element name="Meter" layername="meter" frame="0" z_index="9" m_a="1.368819" m_b="0.000000" m_c="0.000000" m_d="1.306813" m_tx="-22.273588" m_ty="13.199549"/>
  </frame>
  <frame idx="75" w="95" h="93" x="0.666672" y="0.400993">
   <element name="Frame" layername="frame_circle" frame="0" z_index="9" m_a="1.000000" m_b="0.000000" m_c="0.000000" m_d="1.000000" m_tx="-40.000019" m_ty="-41.599007"/>
   <element name="Frame" layername="frame_background" frame="1" z_index="10" m_a="1.000000" m_b="0.000000" m_c="0.000000" m_d="1.000000" m_tx="-32.000000" m_ty="-31.333332"/>
   <element name="Icon" layername="icon" frame="0" z_index="8" m_a="1.000000" m_b="0.000000" m_c="0.000000" m_d="1.000000" m_tx="-42.333332" m_ty="-23.666668"/>
   <element name="Meter" layername="meter" frame="1" z_index="9" m_a="1.368819" m_b="0.000000" m_c="0.000000" m_d="1.306813" m_tx="-25.011980" m_ty="13.199549"/>
  </frame>
  <frame idx="100" w="95" h="93" x="0.666672" y="0.400993">
   <element name="Frame" layername="frame_circle" frame="0" z_index="9" m_a="1.000000" m_b="0.000000" m_c="0.000000" m_d="1.000000" m_tx="-40.000019" m_ty="-41.599007"/>
   <element name="Frame" layername="frame_background" frame="1" z_index="10" m_a="1.000000" m_b="0.000000" m_c="0.000000" m_d="1.000000" m_tx="-32.000000" m_ty="-31.333332"/>
   <element name="Icon" layername="icon" frame="0" z_index="8" m_a="1.000000" m_b="0.000000" m_c="0.000000" m_d="1.000000" m_tx="-42.333332" m_ty="-23.666668"/>
   <element name="Meter" layername="meter" frame="21" z_index="9" m_a="1.368819" m_b="0.000000" m_c="0.000000" m_d="1.306813" m_tx="-27.750376" m_ty="8.014364"/>
  </frame>
  <frame idx="125" w="95" h="93" x="0.666672" y="0.400993">
   <element name="Frame" layername="frame_circle" frame="0" z_index="9" m_a="1.000000" m_b="0.000000" m_c="0.000000" m_d="1.000000" m_tx="-40.000019" m_ty="-41.599007"/>
   <element name="Frame" layername="frame_background" frame="1" z_index="10" m_a="1.000000" m_b="0.000000" m_c="0.000000" m_d="1.000000" m_tx="-32.000000" m_ty="-31.333332"/>
   <element name="Icon" layername="icon" frame="0" z_index="8" m_a="1.000000" m_b="0.000000" m_c="0.000000" m_d="1.000000" m_tx="-42.333332" m_ty="-23.666668"/>
   <element name="Meter" layername="meter" frame="21" z_index="9" m_a="1.368819" m_b="0.000000" m_c="0.000000" m_d="1.306813" m_tx="-27.750376" m_ty="8.014364"/>
  </frame>
  <frame idx="150" w="95" h="93" x="0.666672" y="0.400993">
   <element name="Frame" layername="frame_circle" frame="0" z_index="9" m_a="1.000000" m_b="0.000000" m_c="0.000000" m_d="1.000000" m_tx="-40.000019" m_ty="-41.599007"/>
   <element name="Frame" layername="frame_background" frame="1" z_index="10" m_a="1.000000" m_b="0.000000" m_c="0.000000" m_d="1.000000" m_tx="-32.000000" m_ty="-31.333332"/>
   <element name="Icon" layername="icon" frame="0" z_index="8" m_a="1.000000" m_b="0.000000" m_c="0.000000" m_d="1.000000" m_tx="-42.333332" m_ty="-23.666668"/>
   <element name="Meter" layername="meter" frame="20" z_index="9" m_a="1.368819" m_b="0.000000" m_c="0.000000" m_d="1.306813" m_tx="-30.488768" m_ty="8.014364"/>
  </frame>
  <frame idx="175" w="95" h="93" x="0.666672" y="0.400993">
   <element name="Frame" layername="frame_circle" frame="0" z_index="9" m_a="1.000000" m_b="0.000000" m_c="0.000000" m_d="1.000000" m_tx="-40.000019" m_ty="-41.599007"/>
   <element name="Frame" layername="frame_background" frame="1" z_index="10" m_a="1.000000" m_b="0.000000" m_c="0.000000" m_d="1.000000" m_tx="-32.000000" m_ty="-31.333332"/>
   <element name="Icon" layername="icon" frame="0" z_index="8" m_a="1.000000" m_b="0.000000" m_c="0.000000" m_d="1.000000" m_tx="-42.333332" m_ty="-23.666668"/>
   <element name="Meter" layername="meter" frame="19" z_index="9" m_a="1.368819" m_b="0.000000" m_c="0.000000" m_d="1.306813" m_tx="-33.227161" m_ty="2.829182"/>
  </frame>
  <frame idx="200" w="95" h="93" x="0.666672" y="0.400993">
   <element name="Frame" layername="frame_circle" frame="0" z_index="9" m_a="1.000000" m_b="0.000000" m_c="0.000000" m_d="1.000000" m_tx="-40.000019" m_ty="-41.599007"/>
   <element name="Frame" layername="frame_background" frame="1" z_index="10" m_a="1.000000" m_b="0.000000" m_c="0.000000" m_d="1.000000" m_tx="-32.000000" m_ty="-31.333332"/>
   <element name="Icon" layername="icon" frame="0" z_index="8" m_a="1.000000" m_b="0.000000" m_c="0.000000" m_d="1.000000" m_tx="-42.333332" m_ty="-23.666668"/>
   <element name="Meter" layername="meter" frame="18" z_index="9" m_a="1.368819" m_b="0.000000" m_c="0.000000" m_d="1.306813" m_tx="-33.227161" m_ty="2.829182"/>
  </frame>
  <frame idx="225" w="95" h="93" x="0.666672" y="0.400993">
   <element name="Frame" layername="frame_circle" frame="0" z_index="9" m_a="1.000000" m_b="0.000000" m_c="0.000000" m_d="1.000000" m_tx="-40.000019" m_ty="-41.599007"/>
   <element name="Frame" layername="frame_background" frame="1" z_index="10" m_a="1.000000" m_b="0.000000" m_c="0.000000" m_d="1.000000" m_tx="-32.000000" m_ty="-31.333332"/>
   <element name="Icon" layername="icon" frame="0" z_index="8" m_a="1.000000" m_b="0.000000" m_c="0.000000" m_d="1.000000" m_tx="-42.333332" m_ty="-23.666668"/>
   <element name="Meter" layername="meter" frame="18" z_index="9" m_a="1.368819" m_b="0.000000" m_c="0.000000" m_d="1.306813" m_tx="-33.227161" m_ty="2.829182"/>
  </frame>
  <frame idx="250" w="95" h="93" x="0.666672" y="0.400993">
   <element name="Frame" layername="frame_circle" frame="0" z_index="9" m_a="1.000000" m_b="0.000000" m_c="0.000000" m_d="1.000000" m_tx="-40.000019" m_ty="-41.599007"/>
   <element name="Frame" layername="frame_background" frame="1" z_index="10" m_a="1.000000" m_b="0.000000" m_c="0.000000" m_d="1.000000" m_tx="-32.000000" m_ty="-31.333332"/>
   <element name="Icon" layername="icon" frame="0" z_index="8" m_a="1.000000" m_b="0.000000" m_c="0.000000" m_d="1.000000" m_tx="-42.333332" m_ty="-23.666668"/>
   <element name="Meter" layername="meter" frame="17" z_index="9" m_a="1.368819" m_b="0.000000" m_c="0.000000" m_d="1.306813" m_tx="-35.965557" m_ty="-2.356003"/>
  </frame>
  <frame idx="275" w="95" h="93" x="0.666672" y="0.400993">
   <element name="Frame" layername="frame_circle" frame="0" z_index="9" m_a="1.000000" m_b="0.000000" m_c="0.000000" m_d="1.000000" m_tx="-40.000019" m_ty="-41.599007"/>
   <element name="Frame" layername="frame_background" frame="1" z_index="10" m_a="1.000000" m_b="0.000000" m_c="0.000000" m_d="1.000000" m_tx="-32.000000" m_ty="-31.333332"/>
   <element name="Icon" layername="icon" frame="0" z_index="8" m_a="1.000000" m_b="0.000000" m_c="0.000000" m_d="1.000000" m_tx="-42.333332" m_ty="-23.666668"/>
   <element name="Meter" layername="meter" frame="16" z_index="9" m_a="1.368819" m_b="0.000000" m_c="0.000000" m_d="1.306813" m_tx="-35.965557" m_ty="-2.356003"/>
  </frame>
  <frame idx="300" w="95" h="93" x="0.666672" y="0.400993">
   <element name="Frame" layername="frame_circle" frame="0" z_index="9" m_a="1.000000" m_b="0.000000" m_c="0.000000" m_d="1.000000" m_tx="-40.000019" m_ty="-41.599007"/>
   <element name="Frame" layername="frame_background" frame="1" z_index="10" m_a="1.000000" m_b="0.000000" m_c="0.000000" m_d="1.000000" m_tx="-32.000000" m_ty="-31.333332"/>
   <element name="Icon" layername="icon" frame="0" z_index="8" m_a="1.000000" m_b="0.000000" m_c="0.000000" m_d="1.000000" m_tx="-42.333332" m_ty="-23.666668"/>
   <element name="Meter" layername="meter" frame="15" z_index="9" m_a="1.368819" m_b="0.000000" m_c="0.000000" m_d="1.306813" m_tx="-35.965557" m_ty="-2.356003"/>
  </frame>
  <frame idx="325" w="95" h="93" x="0.666672" y="0.400993">
   <element name="Frame" layername="frame_circle" frame="0" z_index="9" m_a="1.000000" m_b="0.000000" m_c="0.000000" m_d="1.000000" m_tx="-40.000019" m_ty="-41.599007"/>
   <element name="Frame" layername="frame_background" frame="1" z_index="10" m_a="1.000000" m_b="0.000000" m_c="0.000000" m_d="1.000000" m_tx="-32.000000" m_ty="-31.333332"/>
   <element name="Icon" layername="icon" frame="0" z_index="8" m_a="1.000000" m_b="0.000000" m_c="0.000000" m_d="1.000000" m_tx="-42.333332" m_ty="-23.666668"/>
   <element name="Meter" layername="meter" frame="15" z_index="9" m_a="1.368819" m_b="0.000000" m_c="0.000000" m_d="1.306813" m_tx="-35.965557" m_ty="-2.356003"/>
  </frame>
  <frame idx="350" w="95" h="93" x="0.666672" y="0.400993">
   <element name="Frame" layername="frame_circle" frame="0" z_index="9" m_a="1.000000" m_b="0.000000" m_c="0.000000" m_d="1.000000" m_tx="-40.000019" m_ty="-41.599007"/>
   <element name="Frame" layername="frame_background" frame="1" z_index="10" m_a="1.000000" m_b="0.000000" m_c="0.000000" m_d="1.000000" m_tx="-32.000000" m_ty="-31.333332"/>
   <element name="Icon" layername="icon" frame="0" z_index="8" m_a="1.000000" m_b="0.000000" m_c="0.000000" m_d="1.000000" m_tx="-42.333332" m_ty="-23.666668"/>
   <element name="Meter" layername="meter" frame="14" z_index="9" m_a="1.368819" m_b="0.000000" m_c="0.000000" m_d="1.306813" m_tx="-35.965557" m_ty="-7.541183"/>
  </frame>
  <frame idx="375" w="95" h="93" x="0.666672" y="0.400993">
   <element name="Frame" layername="frame_circle" frame="0" z_index="9" m_a="1.000000" m_b="0.000000" m_c="0.000000" m_d="1.000000" m_tx="-40.000019" m_ty="-41.599007"/>
   <element name="Frame" layername="frame_background" frame="1" z_index="10" m_a="1.000000" m_b="0.000000" m_c="0.000000" m_d="1.000000" m_tx="-32.000000" m_ty="-31.333332"/>
   <element name="Icon" layername="icon" frame="0" z_index="8" m_a="1.000000" m_b="0.000000" m_c="0.000000" m_d="1.000000" m_tx="-42.333332" m_ty="-23.666668"/>
   <element name="Meter" layername="meter" frame="5" z_index="9" m_a="1.368819" m_b="0.000000" m_c="0.000000" m_d="1.306813" m_tx="-35.965557" m_ty="-7.541183"/>
  </frame>
  <frame idx="400" w="95" h="93" x="0.666672" y="0.400993">
   <element name="Frame" layername="frame_circle" frame="0" z_index="9" m_a="1.000000" m_b="0.000000" m_c="0.000000" m_d="1.000000" m_tx="-40.000019" m_ty="-41.599007"/>
   <element name="Frame" layername="frame_background" frame="1" z_index="10" m_a="1.000000" m_b="0.000000" m_c="0.000000" m_d="1.000000" m_tx="-32.000000" m_ty="-31.333332"/>
   <element name="Icon" layername="icon" frame="0" z_index="8" m_a="1.000000" m_b="0.000000" m_c="0.000000" m_d="1.000000" m_tx="-42.333332" m_ty="-23.666668"/>
   <element name="Meter" layername="meter" frame="6" z_index="9" m_a="1.368819" m_b="0.000000" m_c="0.000000" m_d="1.306813" m_tx="-35.965557" m_ty="-12.726368"/>
  </frame>
  <frame idx="425" w="95" h="93" x="0.666672" y="0.400993">
   <element name="Frame" layername="frame_circle" frame="0" z_index="9" m_a="1.000000" m_b="0.000000" m_c="0.000000" m_d="1.000000" m_tx="-40.000019" m_ty="-41.599007"/>
   <element name="Frame" layername="frame_background" frame="1" z_index="10" m_a="1.000000" m_b="0.000000" m_c="0.000000" m_d="1.000000" m_tx="-32.000000" m_ty="-31.333332"/>
   <element name="Icon" layername="icon" frame="0" z_index="8" m_a="1.000000" m_b="0.000000" m_c="0.000000" m_d="1.000000" m_tx="-42.333332" m_ty="-23.666668"/>
   <element name="Meter" layername="meter" frame="6" z_index="9" m_a="1.368819" m_b="0.000000" m_c="0.000000" m_d="1.306813" m_tx="-35.965557" m_ty="-12.726368"/>
  </frame>
  <frame idx="450" w="95" h="93" x="0.666672" y="0.400993">
   <element name="Frame" layername="frame_circle" frame="0" z_index="9" m_a="1.000000" m_b="0.000000" m_c="0.000000" m_d="1.000000" m_tx="-40.000019" m_ty="-41.599007"/>
   <element name="Frame" layername="frame_background" frame="1" z_index="10" m_a="1.000000" m_b="0.000000" m_c="0.000000" m_d="1.000000" m_tx="-32.000000" m_ty="-31.333332"/>
   <element name="Icon" layername="icon" frame="0" z_index="8" m_a="1.000000" m_b="0.000000" m_c="0.000000" m_d="1.000000" m_tx="-42.333332" m_ty="-23.666668"/>
   <element name="Meter" layername="meter" frame="7" z_index="9" m_a="1.368819" m_b="0.000000" m_c="0.000000" m_d="1.306813" m_tx="-35.965557" m_ty="-12.726368"/>
  </frame>
  <frame idx="475" w="95" h="93" x="0.666672" y="0.400993">
   <element name="Frame" layername="frame_circle" frame="0" z_index="9" m_a="1.000000" m_b="0.000000" m_c="0.000000" m_d="1.000000" m_tx="-40.000019" m_ty="-41.599007"/>
   <element name="Frame" layername="frame_background" frame="1" z_index="10" m_a="1.000000" m_b="0.000000" m_c="0.000000" m_d="1.000000" m_tx="-32.000000" m_ty="-31.333332"/>
   <element name="Icon" layername="icon" frame="0" z_index="8" m_a="1.000000" m_b="0.000000" m_c="0.000000" m_d="1.000000" m_tx="-42.333332" m_ty="-23.666668"/>
   <element name="Meter" layername="meter" frame="8" z_index="9" m_a="1.368819" m_b="0.000000" m_c="0.000000" m_d="1.306813" m_tx="-35.965557" m_ty="-17.911552"/>
  </frame>
  <frame idx="500" w="95" h="93" x="0.666672" y="0.400993">
   <element name="Frame" layername="frame_circle" frame="0" z_index="9" m_a="1.000000" m_b="0.000000" m_c="0.000000" m_d="1.000000" m_tx="-40.000019" m_ty="-41.599007"/>
   <element name="Frame" layername="frame_background" frame="1" z_index="10" m_a="1.000000" m_b="0.000000" m_c="0.000000" m_d="1.000000" m_tx="-32.000000" m_ty="-31.333332"/>
   <element name="Icon" layername="icon" frame="0" z_index="8" m_a="1.000000" m_b="0.000000" m_c="0.000000" m_d="1.000000" m_tx="-42.333332" m_ty="-23.666668"/>
   <element name="Meter" layername="meter" frame="9" z_index="9" m_a="1.368819" m_b="0.000000" m_c="0.000000" m_d="1.306813" m_tx="-35.965557" m_ty="-17.911552"/>
  </frame>
  <frame idx="525" w="95" h="93" x="0.666672" y="0.400993">
   <element name="Frame" layername="frame_circle" frame="0" z_index="9" m_a="1.000000" m_b="0.000000" m_c="0.000000" m_d="1.000000" m_tx="-40.000019" m_ty="-41.599007"/>
   <element name="Frame" layername="frame_background" frame="1" z_index="10" m_a="1.000000" m_b="0.000000" m_c="0.000000" m_d="1.000000" m_tx="-32.000000" m_ty="-31.333332"/>
   <element name="Icon" layername="icon" frame="0" z_index="8" m_a="1.000000" m_b="0.000000" m_c="0.000000" m_d="1.000000" m_tx="-42.333332" m_ty="-23.666668"/>
   <element name="Meter" layername="meter" frame="9" z_index="9" m_a="1.368819" m_b="0.000000" m_c="0.000000" m_d="1.306813" m_tx="-35.965557" m_ty="-17.911552"/>
  </frame>
  <frame idx="550" w="95" h="93" x="0.666672" y="0.400993">
   <element name="Frame" layername="frame_circle" frame="0" z_index="9" m_a="1.000000" m_b="0.000000" m_c="0.000000" m_d="1.000000" m_tx="-40.000019" m_ty="-41.599007"/>
   <element name="Frame" layername="frame_background" frame="1" z_index="10" m_a="1.000000" m_b="0.000000" m_c="0.000000" m_d="1.000000" m_tx="-32.000000" m_ty="-31.333332"/>
   <element name="Icon" layername="icon" frame="0" z_index="8" m_a="1.000000" m_b="0.000000" m_c="0.000000" m_d="1.000000" m_tx="-42.333332" m_ty="-23.666668"/>
   <element name="Meter" layername="meter" frame="10" z_index="9" m_a="1.368819" m_b="0.000000" m_c="0.000000" m_d="1.306813" m_tx="-35.965557" m_ty="-23.096733"/>
  </frame>
  <frame idx="575" w="95" h="93" x="0.666672" y="0.400993">
   <element name="Frame" layername="frame_circle" frame="0" z_index="9" m_a="1.000000" m_b="0.000000" m_c="0.000000" m_d="1.000000" m_tx="-40.000019" m_ty="-41.599007"/>
   <element name="Frame" layername="frame_background" frame="1" z_index="10" m_a="1.000000" m_b="0.000000" m_c="0.000000" m_d="1.000000" m_tx="-32.000000" m_ty="-31.333332"/>
   <element name="Icon" layername="icon" frame="0" z_index="8" m_a="1.000000" m_b="0.000000" m_c="0.000000" m_d="1.000000" m_tx="-42.333332" m_ty="-23.666668"/>
   <element name="Meter" layername="meter" frame="11" z_index="9" m_a="1.368819" m_b="0.000000" m_c="0.000000" m_d="1.306813" m_tx="-35.965557" m_ty="-23.096733"/>
  </frame>
  <frame idx="600" w="95" h="93" x="0.666672" y="0.400993">
   <element name="Frame" layername="frame_circle" frame="0" z_index="9" m_a="1.000000" m_b="0.000000" m_c="0.000000" m_d="1.000000" m_tx="-40.000019" m_ty="-41.599007"/>
   <element name="Frame" layername="frame_background" frame="1" z_index="10" m_a="1.000000" m_b="0.000000" m_c="0.000000" m_d="1.000000" m_tx="-32.000000" m_ty="-31.333332"/>
   <element name="Icon" layername="icon" frame="0" z_index="8" m_a="1.000000" m_b="0.000000" m_c="0.000000" m_d="1.000000" m_tx="-42.333332" m_ty="-23.666668"/>
   <element name="Meter" layername="meter" frame="12" z_index="9" m_a="1.368819" m_b="0.000000" m_c="0.000000" m_d="1.306813" m_tx="-35.965557" m_ty="-23.096733"/>
  </frame>
  <frame idx="625" w="95" h="93" x="0.666672" y="0.400993">
   <element name="Frame" layername="frame_circle" frame="0" z_index="9" m_a="1.000000" m_b="0.000000" m_c="0.000000" m_d="1.000000" m_tx="-40.000019" m_ty="-41.599007"/>
   <element name="Frame" layername="frame_background" frame="1" z_index="10" m_a="1.000000" m_b="0.000000" m_c="0.000000" m_d="1.000000" m_tx="-32.000000" m_ty="-31.333332"/>
   <element name="Icon" layername="icon" frame="0" z_index="8" m_a="1.000000" m_b="0.000000" m_c="0.000000" m_d="1.000000" m_tx="-42.333332" m_ty="-23.666668"/>
   <element name="Meter" layername="meter" frame="12" z_index="9" m_a="1.368819" m_b="0.000000" m_c="0.000000" m_d="1.306813" m_tx="-35.965557" m_ty="-23.096733"/>
  </frame>
  <frame idx="650" w="95" h="93" x="0.666672" y="0.400993">
   <element name="Frame" layername="frame_circle" frame="0" z_index="9" m_a="1.000000" m_b="0.000000" m_c="0.000000" m_d="1.000000" m_tx="-40.000019" m_ty="-41.599007"/>
   <element name="Frame" layername="frame_background" frame="1" z_index="10" m_a="1.000000" m_b="0.000000" m_c="0.000000" m_d="1.000000" m_tx="-32.000000" m_ty="-31.333332"/>
   <element name="Icon" layername="icon" frame="0" z_index="8" m_a="1.000000" m_b="0.000000" m_c="0.000000" m_d="1.000000" m_tx="-42.333332" m_ty="-23.666668"/>
   <element name="Meter" layername="meter" frame="13" z_index="9" m_a="1.368819" m_b="0.000000" m_c="0.000000" m_d="1.306813" m_tx="-35.965557" m_ty="-28.281918"/>
  </frame>
  <frame idx="675" w="95" h="93" x="0.666672" y="0.400993">
   <element name="Frame" layername="frame_circle" frame="0" z_index="9" m_a="1.000000" m_b="0.000000" m_c="0.000000" m_d="1.000000" m_tx="-40.000019" m_ty="-41.599007"/>
   <element name="Frame" layername="frame_background" frame="1" z_index="10" m_a="1.000000" m_b="0.000000" m_c="0.000000" m_d="1.000000" m_tx="-32.000000" m_ty="-31.333332"/>
   <element name="Icon" layername="icon" frame="0" z_index="8" m_a="1.000000" m_b="0.000000" m_c="0.000000" m_d="1.000000" m_tx="-42.333332" m_ty="-23.666668"/>
   <element name="Meter" layername="meter" frame="4" z_index="9" m_a="1.368819" m_b="0.000000" m_c="0.000000" m_d="1.306813" m_tx="-35.965557" m_ty="-28.281918"/>
  </frame>
  <frame idx="700" w="95" h="93" x="0.666672" y="0.400993">
   <element name="Frame" layername="frame_circle" frame="0" z_index="9" m_a="1.000000" m_b="0.000000" m_c="0.000000" m_d="1.000000" m_tx="-40.000019" m_ty="-41.599007"/>
   <element name="Frame" layername="frame_background" frame="1" z_index="10" m_a="1.000000" m_b="0.000000" m_c="0.000000" m_d="1.000000" m_tx="-32.000000" m_ty="-31.333332"/>
   <element name="Icon" layername="icon" frame="0" z_index="8" m_a="1.000000" m_b="0.000000" m_c="0.000000" m_d="1.000000" m_tx="-42.333332" m_ty="-23.666668"/>
   <element name="Meter" layername="meter" frame="3" z_index="9" m_a="1.368819" m_b="0.000000" m_c="0.000000" m_d="1.306813" m_tx="-35.965557" m_ty="-33.467098"/>
  </frame>
  <frame idx="725" w="95" h="93" x="0.666672" y="0.400993">
   <element name="Frame" layername="frame_circle" frame="0" z_index="9" m_a="1.000000" m_b="0.000000" m_c="0.000000" m_d="1.000000" m_tx="-40.000019" m_ty="-41.599007"/>
   <element name="Frame" layername="frame_background" frame="1" z_index="10" m_a="1.000000" m_b="0.000000" m_c="0.000000" m_d="1.000000" m_tx="-32.000000" m_ty="-31.333332"/>
   <element name="Icon" layername="icon" frame="0" z_index="8" m_a="1.000000" m_b="0.000000" m_c="0.000000" m_d="1.000000" m_tx="-42.333332" m_ty="-23.666668"/>
   <element name="Meter" layername="meter" frame="3" z_index="9" m_a="1.368819" m_b="0.000000" m_c="0.000000" m_d="1.306813" m_tx="-35.965557" m_ty="-33.467098"/>
  </frame>
 </anim>
 <anim name="close_90s" root="rage" numframes="150" framerate="40">
  <frame idx="0" w="95" h="93" x="0.007645" y="0.400993">
   <element name="Frame" layername="frame_circle" frame="0" z_index="9" m_a="1.000000" m_b="0.000000" m_c="0.000000" m_d="1.000000" m_tx="-40.000019" m_ty="-41.599007"/>
   <element name="Frame" layername="frame_background" frame="1" z_index="10" m_a="1.000000" m_b="0.000000" m_c="0.000000" m_d="1.000000" m_tx="-32.000000" m_ty="-31.333332"/>
   <element name="Icon" layername="icon" frame="0" z_index="10" m_a="1.000000" m_b="0.000000" m_c="0.000000" m_d="1.000000" m_tx="-42.992352" m_ty="-23.340122"/>
  </frame>
  <frame idx="25" w="112" h="73" x="-6.857849" y="0.386475">
   <element name="Frame" layername="frame_circle" frame="0" z_index="9" m_a="1.000000" m_b="0.000000" m_c="0.000000" m_d="0.782908" m_tx="-40.000019" m_ty="-32.495663"/>
   <element name="Frame" layername="frame_background" frame="1" z_index="10" m_a="1.000000" m_b="0.000000" m_c="0.000000" m_d="0.792610" m_tx="-32.000000" m_ty="-24.696838"/>
   <element name="Icon" layername="icon" frame="0" z_index="8" m_a="1.000000" m_b="0.000000" m_c="0.000000" m_d="0.782009" m_tx="-53.715679" m_ty="-23.331760"/>
  </frame>
  <frame idx="50" w="95" h="53" x="0.666687" y="0.372112">
   <element name="Frame" layername="frame_circle" frame="0" z_index="9" m_a="1.000000" m_b="0.000000" m_c="0.000000" m_d="0.568071" m_tx="-40.000019" m_ty="-23.486885"/>
   <element name="Frame" layername="frame_background" frame="1" z_index="10" m_a="1.000000" m_b="0.000000" m_c="0.000000" m_d="0.588656" m_tx="-32.000000" m_ty="-18.170322"/>
   <element name="Icon" layername="icon" frame="0" z_index="8" m_a="1.000000" m_b="0.000000" m_c="0.000000" m_d="0.556447" m_tx="-42.333317" m_ty="-12.876567"/>
  </frame>
  <frame idx="75" w="95" h="33" x="0.666687" y="0.357962">
   <element name="Frame" layername="frame_circle" frame="0" z_index="9" m_a="1.000000" m_b="0.000000" m_c="0.000000" m_d="0.356402" m_tx="-40.000019" m_ty="-14.610918"/>
   <element name="Frame" layername="frame_background" frame="1" z_index="10" m_a="1.000000" m_b="0.000000" m_c="0.000000" m_d="0.379176" m_tx="-32.000000" m_ty="-11.466974"/>
   <element name="Icon" layername="icon" frame="0" z_index="8" m_a="1.000000" m_b="0.000000" m_c="0.000000" m_d="0.329969" m_tx="-42.333317" m_ty="-7.367148"/>
  </frame>
  <frame idx="100" w="95" h="15" x="0.666687" y="0.344077">
   <element name="Frame" layername="frame_circle" frame="0" z_index="9" m_a="1.000000" m_b="0.000000" m_c="0.000000" m_d="0.148767" m_tx="-40.000019" m_ty="-5.904138"/>
   <element name="Frame" layername="frame_background" frame="1" z_index="10" m_a="1.000000" m_b="0.000000" m_c="0.000000" m_d="0.153846" m_tx="-32.000000" m_ty="-4.256405"/>
   <element name="Icon" layername="icon" frame="0" z_index="8" m_a="1.000000" m_b="0.000000" m_c="0.000000" m_d="0.110595" m_tx="-42.333317" m_ty="-2.030530"/>
  </frame>
  <frame idx="125" w="95" h="43" x="0.420776" y="0.365314">
   <element name="Frame" layername="frame_circle" frame="0" z_index="9" m_a="1.000000" m_b="0.000000" m_c="0.000000" m_d="0.466391" m_tx="-40.000019" m_ty="-19.223118"/>
   <element name="Frame" layername="frame_background" frame="1" z_index="10" m_a="1.000000" m_b="0.000000" m_c="0.000000" m_d="0.469575" m_tx="-32.000000" m_ty="-14.359735"/>
   <element name="Icon" layername="icon" frame="0" z_index="8" m_a="1.000000" m_b="0.000000" m_c="0.000000" m_d="0.442463" m_tx="-42.579227" m_ty="-10.049803"/>
  </frame>
 </anim>
 <anim name="open_90s" root="rage" numframes="200" framerate="40">
  <frame idx="0" w="95" h="15" x="0.666679" y="0.344077">
   <element name="Frame" layername="frame_background" frame="1" z_index="10" m_a="1.000000" m_b="0.000000" m_c="0.000000" m_d="0.153846" m_tx="-32.000000" m_ty="-4.256405"/>
   <element name="Frame" layername="frame_circle" frame="0" z_index="9" m_a="1.000000" m_b="0.000000" m_c="0.000000" m_d="0.148767" m_tx="-40.000019" m_ty="-5.904138"/>
   <element name="Icon" layername="icon" frame="0" z_index="10" m_a="1.000000" m_b="0.000000" m_c="0.000000" m_d="0.110595" m_tx="-42.333321" m_ty="-2.030530"/>
  </frame>
  <frame idx="25" w="95" h="33" x="0.666687" y="0.357553">
   <element name="Frame" layername="frame_background" frame="1" z_index="10" m_a="1.000000" m_b="0.000000" m_c="0.000000" m_d="0.372549" m_tx="-32.000000" m_ty="-11.254899"/>
   <element name="Frame" layername="frame_circle" frame="0" z_index="9" m_a="1.000000" m_b="0.000000" m_c="0.000000" m_d="0.350295" m_tx="-40.000019" m_ty="-14.354836"/>
   <element name="Icon" layername="icon" frame="0" z_index="8" m_a="1.000000" m_b="0.000000" m_c="0.000000" m_d="0.323517" m_tx="-42.333317" m_ty="-7.210188"/>
  </frame>
  <frame idx="50" w="95" h="52" x="0.666687" y="0.371542">
   <element name="Frame" layername="frame_background" frame="1" z_index="10" m_a="1.000000" m_b="0.000000" m_c="0.000000" m_d="0.580575" m_tx="-32.000000" m_ty="-17.911736"/>
   <element name="Frame" layername="frame_circle" frame="0" z_index="9" m_a="1.000000" m_b="0.000000" m_c="0.000000" m_d="0.559529" m_tx="-40.000019" m_ty="-23.128662"/>
   <element name="Icon" layername="icon" frame="0" z_index="8" m_a="1.000000" m_b="0.000000" m_c="0.000000" m_d="0.547254" m_tx="-42.333317" m_ty="-12.652937"/>
  </frame>
  <frame idx="75" w="95" h="72" x="0.506912" y="0.386040">
   <element name="Frame" layername="frame_background" frame="1" z_index="10" m_a="1.000000" m_b="0.000000" m_c="0.000000" m_d="0.786325" m_tx="-32.000000" m_ty="-24.495731"/>
   <element name="Frame" layername="frame_circle" frame="0" z_index="9" m_a="1.000000" m_b="0.000000" m_c="0.000000" m_d="0.776330" m_tx="-40.000019" m_ty="-32.219803"/>
   <element name="Icon" layername="icon" frame="0" z_index="8" m_a="1.000000" m_b="0.000000" m_c="0.000000" m_d="0.775403" m_tx="-42.493084" m_ty="-18.141628"/>
  </frame>
  <frame idx="100" w="95" h="93" x="0.007645" y="0.400993">
   <element name="Frame" layername="frame_background" frame="1" z_index="10" m_a="1.000000" m_b="0.000000" m_c="0.000000" m_d="1.000000" m_tx="-32.000000" m_ty="-31.333332"/>
   <element name="Frame" layername="frame_circle" frame="0" z_index="9" m_a="1.000000" m_b="0.000000" m_c="0.000000" m_d="1.000000" m_tx="-40.000019" m_ty="-41.599007"/>
   <element name="Icon" layername="icon" frame="0" z_index="10" m_a="1.000000" m_b="0.000000" m_c="0.000000" m_d="1.000000" m_tx="-42.992352" m_ty="-23.340122"/>
  </frame>
  <frame idx="125" w="119" h="105" x="-9.268944" y="0.409431">
   <element name="Frame" layername="frame_background" frame="1" z_index="10" m_a="1.000000" m_b="0.000000" m_c="0.000000" m_d="1.134073" m_tx="-32.000000" m_ty="-35.623661"/>
   <element name="Frame" layername="frame_circle" frame="0" z_index="9" m_a="1.000000" m_b="0.000000" m_c="0.000000" m_d="1.126126" m_tx="-40.000019" m_ty="-46.887852"/>
   <element name="Icon" layername="icon" frame="0" z_index="8" m_a="1.088410" m_b="0.000000" m_c="0.000000" m_d="1.161625" m_tx="-58.537872" m_ty="-34.872616"/>
  </frame>
  <frame idx="150" w="94" h="108" x="0.668980" y="0.412460">
   <element name="Frame" layername="frame_background" frame="1" z_index="10" m_a="0.905135" m_b="0.000000" m_c="0.000000" m_d="1.182339" m_tx="-28.964321" m_ty="-37.168179"/>
   <element name="Frame" layername="frame_circle" frame="0" z_index="9" m_a="0.893544" m_b="0.000000" m_c="0.000000" m_d="1.171531" m_tx="-35.776817" m_ty="-48.791840"/>
   <element name="Icon" layername="icon" frame="0" z_index="8" m_a="0.985616" m_b="0.000000" m_c="0.000000" m_d="1.219810" m_tx="-41.712521" m_ty="-28.870317"/>
  </frame>
  <frame idx="175" w="84" h="105" x="0.720348" y="0.409683">
   <element name="Frame" layername="frame_background" frame="1" z_index="10" m_a="0.851774" m_b="0.000000" m_c="0.000000" m_d="1.138136" m_tx="-27.256752" m_ty="-35.753670"/>
   <element name="Frame" layername="frame_circle" frame="0" z_index="9" m_a="0.833662" m_b="0.000000" m_c="0.000000" m_d="1.129948" m_tx="-33.401264" m_ty="-47.048119"/>
   <element name="Icon" layername="icon" frame="0" z_index="8" m_a="0.880744" m_b="0.000000" m_c="0.000000" m_d="1.166523" m_tx="-37.151638" m_ty="-27.701170"/>
  </frame>
 </anim>
</Anims>
